﻿<?xml version="1.0" encoding="utf-8"?>
<TextureAtlas imagePath="BFMNM.png">
	<!-- Created with Adobe Animate version 23.0.1.70 -->
	<!-- http://www.adobe.com/products/animate.html -->
	<SubTexture name="BFAnims_0000.png" x="5840" y="1363" width="832" height="1359"/>
	<SubTexture name="BFAnims_0001.png" x="5840" y="1363" width="832" height="1359"/>
	<SubTexture name="BFAnims_0002.png" x="5840" y="1363" width="832" height="1359"/>
	<SubTexture name="BFAnims_0003.png" x="5840" y="1363" width="832" height="1359"/>
	<SubTexture name="BFAnims_0004.png" x="6674" y="1363" width="832" height="1359"/>
	<SubTexture name="BFAnims_0005.png" x="6674" y="1363" width="832" height="1359"/>
	<SubTexture name="BFAnims_0006.png" x="2" y="2724" width="832" height="1359"/>
	<SubTexture name="BFAnims_0007.png" x="2" y="2724" width="832" height="1359"/>
	<SubTexture name="BFAnims_0008.png" x="836" y="2724" width="832" height="1359"/>
	<SubTexture name="BFAnims_0009.png" x="836" y="2724" width="832" height="1359"/>
	<SubTexture name="BFAnims_0010.png" x="836" y="2724" width="832" height="1359"/>
	<SubTexture name="BFAnims_0011.png" x="836" y="2724" width="832" height="1359"/>
	<SubTexture name="BFAnims_0012.png" x="1670" y="2724" width="832" height="1359"/>
	<SubTexture name="BFAnims_0013.png" x="1670" y="2724" width="832" height="1359"/>
	<SubTexture name="BFAnims_0014.png" x="836" y="1363" width="832" height="1359"/>
	<SubTexture name="BFAnims_0015.png" x="836" y="1363" width="832" height="1359"/>
	<SubTexture name="BFAnims_0016.png" x="1670" y="1363" width="832" height="1359"/>
	<SubTexture name="BFAnims_0017.png" x="1670" y="1363" width="832" height="1359"/>
	<SubTexture name="BFAnims_0018.png" x="1670" y="1363" width="832" height="1359"/>
	<SubTexture name="BFAnims_0019.png" x="1670" y="1363" width="832" height="1359"/>
	<SubTexture name="BFAnims_0020.png" x="1670" y="1363" width="832" height="1359"/>
	<SubTexture name="BFAnims_0021.png" x="1670" y="1363" width="832" height="1359"/>
	<SubTexture name="BFAnims_0022.png" x="1670" y="1363" width="832" height="1359"/>
	<SubTexture name="BFAnims_0023.png" x="1670" y="1363" width="832" height="1359"/>
	<SubTexture name="BFAnims_0024.png" x="4172" y="1363" width="832" height="1359"/>
	<SubTexture name="BFAnims_0025.png" x="4172" y="1363" width="832" height="1359"/>
	<SubTexture name="BFAnims_0026.png" x="5006" y="1363" width="832" height="1359"/>
	<SubTexture name="BFAnims_0027.png" x="5006" y="1363" width="832" height="1359"/>
	<SubTexture name="BFAnims_0028.png" x="5006" y="1363" width="832" height="1359"/>
	<SubTexture name="BFAnims_0029.png" x="5006" y="1363" width="832" height="1359"/>
	<SubTexture name="BFAnims_0030.png" x="5006" y="1363" width="832" height="1359"/>
	<SubTexture name="BFAnims_0031.png" x="5006" y="1363" width="832" height="1359"/>
	<SubTexture name="BFAnims_0032.png" x="5006" y="1363" width="832" height="1359"/>
	<SubTexture name="BFAnims_0033.png" x="5006" y="1363" width="832" height="1359"/>
	<SubTexture name="BFAnims_0034.png" x="6674" y="2" width="832" height="1359"/>
	<SubTexture name="BFAnims_0035.png" x="6674" y="2" width="832" height="1359"/>
	<SubTexture name="BFAnims_0036.png" x="2" y="1363" width="832" height="1359"/>
	<SubTexture name="BFAnims_0037.png" x="2" y="1363" width="832" height="1359"/>
	<SubTexture name="BFAnims_0038.png" x="2" y="1363" width="832" height="1359"/>
	<SubTexture name="BFAnims_0039.png" x="2" y="1363" width="832" height="1359"/>
	<SubTexture name="BFAnims_0040.png" x="2" y="1363" width="832" height="1359"/>
	<SubTexture name="BFAnims_0041.png" x="2" y="1363" width="832" height="1359"/>
	<SubTexture name="BFAnims_0042.png" x="2" y="1363" width="832" height="1359"/>
	<SubTexture name="BFAnims_0043.png" x="2" y="1363" width="832" height="1359"/>
	<SubTexture name="BFAnims_0044.png" x="2504" y="1363" width="832" height="1359"/>
	<SubTexture name="BFAnims_0045.png" x="2504" y="1363" width="832" height="1359"/>
	<SubTexture name="BFAnims_0046.png" x="3338" y="1363" width="832" height="1359"/>
	<SubTexture name="BFAnims_0047.png" x="3338" y="1363" width="832" height="1359"/>
	<SubTexture name="BFAnims_0048.png" x="3338" y="1363" width="832" height="1359"/>
	<SubTexture name="BFAnims_0049.png" x="3338" y="1363" width="832" height="1359"/>
	<SubTexture name="BFAnims_0050.png" x="3338" y="1363" width="832" height="1359"/>
	<SubTexture name="BFAnims_0051.png" x="3338" y="1363" width="832" height="1359"/>
	<SubTexture name="BFAnims_0052.png" x="3338" y="1363" width="832" height="1359"/>
	<SubTexture name="BFAnims_0053.png" x="3338" y="1363" width="832" height="1359"/>
	<SubTexture name="BFAnims_0054.png" x="1670" y="2" width="832" height="1359"/>
	<SubTexture name="BFAnims_0055.png" x="1670" y="2" width="832" height="1359"/>
	<SubTexture name="BFAnims_0056.png" x="2504" y="2" width="832" height="1359"/>
	<SubTexture name="BFAnims_0057.png" x="2504" y="2" width="832" height="1359"/>
	<SubTexture name="BFAnims_0058.png" x="2504" y="2" width="832" height="1359"/>
	<SubTexture name="BFAnims_0059.png" x="2504" y="2" width="832" height="1359"/>
	<SubTexture name="BFAnims_0060.png" x="2504" y="2" width="832" height="1359"/>
	<SubTexture name="BFAnims_0061.png" x="2504" y="2" width="832" height="1359"/>
	<SubTexture name="BFAnims_0062.png" x="2504" y="2" width="832" height="1359"/>
	<SubTexture name="BFAnims_0063.png" x="2504" y="2" width="832" height="1359"/>
	<SubTexture name="BFAnims_0064.png" x="5006" y="2" width="832" height="1359"/>
	<SubTexture name="BFAnims_0065.png" x="5006" y="2" width="832" height="1359"/>
	<SubTexture name="BFAnims_0066.png" x="5840" y="2" width="832" height="1359"/>
	<SubTexture name="BFAnims_0067.png" x="5840" y="2" width="832" height="1359"/>
	<SubTexture name="BFAnims_0068.png" x="5840" y="2" width="832" height="1359"/>
	<SubTexture name="BFAnims_0069.png" x="5840" y="2" width="832" height="1359"/>
	<SubTexture name="BFAnims_0070.png" x="5840" y="2" width="832" height="1359"/>
	<SubTexture name="BFAnims_0071.png" x="5840" y="2" width="832" height="1359"/>
	<SubTexture name="BFAnims_0072.png" x="5840" y="2" width="832" height="1359"/>
	<SubTexture name="BFAnims_0073.png" x="5840" y="2" width="832" height="1359"/>
	<SubTexture name="BFAnims_0074.png" x="2" y="2" width="832" height="1359"/>
	<SubTexture name="BFAnims_0075.png" x="2" y="2" width="832" height="1359"/>
	<SubTexture name="BFAnims_0076.png" x="836" y="2" width="832" height="1359"/>
	<SubTexture name="BFAnims_0077.png" x="836" y="2" width="832" height="1359"/>
	<SubTexture name="BFAnims_0078.png" x="836" y="2" width="832" height="1359"/>
	<SubTexture name="BFAnims_0079.png" x="836" y="2" width="832" height="1359"/>
	<SubTexture name="BFAnims_0080.png" x="836" y="2" width="832" height="1359"/>
	<SubTexture name="BFAnims_0081.png" x="836" y="2" width="832" height="1359"/>
	<SubTexture name="BFAnims_0082.png" x="836" y="2" width="832" height="1359"/>
	<SubTexture name="BFAnims_0083.png" x="836" y="2" width="832" height="1359"/>
	<SubTexture name="BFAnims_0084.png" x="3338" y="2" width="832" height="1359"/>
	<SubTexture name="BFAnims_0085.png" x="3338" y="2" width="832" height="1359"/>
	<SubTexture name="BFAnims_0086.png" x="4172" y="2" width="832" height="1359"/>
	<SubTexture name="BFAnims_0087.png" x="4172" y="2" width="832" height="1359"/>
	<SubTexture name="BFAnims_0088.png" x="4172" y="2" width="832" height="1359"/>
	<SubTexture name="BFAnims_0089.png" x="4172" y="2" width="832" height="1359"/>
	<SubTexture name="BFAnims_0090.png" x="4172" y="2" width="832" height="1359"/>
	<SubTexture name="BFAnims_0091.png" x="4172" y="2" width="832" height="1359"/>
	<SubTexture name="BFAnims_0092.png" x="4172" y="2" width="832" height="1359"/>
	<SubTexture name="BFAnims_0093.png" x="4172" y="2" width="832" height="1359"/>
	<SubTexture name="BF_Down0000" x="6674" y="2" width="832" height="1359"/>
	<SubTexture name="BF_Down0001" x="6674" y="2" width="832" height="1359"/>
	<SubTexture name="BF_Down0002" x="2" y="1363" width="832" height="1359"/>
	<SubTexture name="BF_Down0003" x="2" y="1363" width="832" height="1359"/>
	<SubTexture name="BF_Down0004" x="2" y="1363" width="832" height="1359"/>
	<SubTexture name="BF_Down0005" x="2" y="1363" width="832" height="1359"/>
	<SubTexture name="BF_Down0006" x="2" y="1363" width="832" height="1359"/>
	<SubTexture name="BF_Down0007" x="2" y="1363" width="832" height="1359"/>
	<SubTexture name="BF_Down0008" x="2" y="1363" width="832" height="1359"/>
	<SubTexture name="BF_Down0009" x="2" y="1363" width="832" height="1359"/>
	<SubTexture name="BF_Down_Wrong0000" x="2" y="2" width="832" height="1359"/>
	<SubTexture name="BF_Down_Wrong0001" x="2" y="2" width="832" height="1359"/>
	<SubTexture name="BF_Down_Wrong0002" x="836" y="2" width="832" height="1359"/>
	<SubTexture name="BF_Down_Wrong0003" x="836" y="2" width="832" height="1359"/>
	<SubTexture name="BF_Down_Wrong0004" x="836" y="2" width="832" height="1359"/>
	<SubTexture name="BF_Down_Wrong0005" x="836" y="2" width="832" height="1359"/>
	<SubTexture name="BF_Down_Wrong0006" x="836" y="2" width="832" height="1359"/>
	<SubTexture name="BF_Down_Wrong0007" x="836" y="2" width="832" height="1359"/>
	<SubTexture name="BF_Down_Wrong0008" x="836" y="2" width="832" height="1359"/>
	<SubTexture name="BF_Down_Wrong0009" x="836" y="2" width="832" height="1359"/>
	<SubTexture name="BF_Idle0000" x="5840" y="1363" width="832" height="1359"/>
	<SubTexture name="BF_Idle0001" x="5840" y="1363" width="832" height="1359"/>
	<SubTexture name="BF_Idle0002" x="5840" y="1363" width="832" height="1359"/>
	<SubTexture name="BF_Idle0003" x="5840" y="1363" width="832" height="1359"/>
	<SubTexture name="BF_Idle0004" x="6674" y="1363" width="832" height="1359"/>
	<SubTexture name="BF_Idle0005" x="6674" y="1363" width="832" height="1359"/>
	<SubTexture name="BF_Idle0006" x="2" y="2724" width="832" height="1359"/>
	<SubTexture name="BF_Idle0007" x="2" y="2724" width="832" height="1359"/>
	<SubTexture name="BF_Idle0008" x="836" y="2724" width="832" height="1359"/>
	<SubTexture name="BF_Idle0009" x="836" y="2724" width="832" height="1359"/>
	<SubTexture name="BF_Idle0010" x="836" y="2724" width="832" height="1359"/>
	<SubTexture name="BF_Idle0011" x="836" y="2724" width="832" height="1359"/>
	<SubTexture name="BF_Idle0012" x="1670" y="2724" width="832" height="1359"/>
	<SubTexture name="BF_Idle0013" x="1670" y="2724" width="832" height="1359"/>
	<SubTexture name="BF_Left0000" x="836" y="1363" width="832" height="1359"/>
	<SubTexture name="BF_Left0001" x="836" y="1363" width="832" height="1359"/>
	<SubTexture name="BF_Left0002" x="1670" y="1363" width="832" height="1359"/>
	<SubTexture name="BF_Left0003" x="1670" y="1363" width="832" height="1359"/>
	<SubTexture name="BF_Left0004" x="1670" y="1363" width="832" height="1359"/>
	<SubTexture name="BF_Left0005" x="1670" y="1363" width="832" height="1359"/>
	<SubTexture name="BF_Left0006" x="1670" y="1363" width="832" height="1359"/>
	<SubTexture name="BF_Left0007" x="1670" y="1363" width="832" height="1359"/>
	<SubTexture name="BF_Left0008" x="1670" y="1363" width="832" height="1359"/>
	<SubTexture name="BF_Left0009" x="1670" y="1363" width="832" height="1359"/>
	<SubTexture name="BF_Left_Wrong0000" x="1670" y="2" width="832" height="1359"/>
	<SubTexture name="BF_Left_Wrong0001" x="1670" y="2" width="832" height="1359"/>
	<SubTexture name="BF_Left_Wrong0002" x="2504" y="2" width="832" height="1359"/>
	<SubTexture name="BF_Left_Wrong0003" x="2504" y="2" width="832" height="1359"/>
	<SubTexture name="BF_Left_Wrong0004" x="2504" y="2" width="832" height="1359"/>
	<SubTexture name="BF_Left_Wrong0005" x="2504" y="2" width="832" height="1359"/>
	<SubTexture name="BF_Left_Wrong0006" x="2504" y="2" width="832" height="1359"/>
	<SubTexture name="BF_Left_Wrong0007" x="2504" y="2" width="832" height="1359"/>
	<SubTexture name="BF_Left_Wrong0008" x="2504" y="2" width="832" height="1359"/>
	<SubTexture name="BF_Left_Wrong0009" x="2504" y="2" width="832" height="1359"/>
	<SubTexture name="BF_Right0000" x="2504" y="1363" width="832" height="1359"/>
	<SubTexture name="BF_Right0001" x="2504" y="1363" width="832" height="1359"/>
	<SubTexture name="BF_Right0002" x="3338" y="1363" width="832" height="1359"/>
	<SubTexture name="BF_Right0003" x="3338" y="1363" width="832" height="1359"/>
	<SubTexture name="BF_Right0004" x="3338" y="1363" width="832" height="1359"/>
	<SubTexture name="BF_Right0005" x="3338" y="1363" width="832" height="1359"/>
	<SubTexture name="BF_Right0006" x="3338" y="1363" width="832" height="1359"/>
	<SubTexture name="BF_Right0007" x="3338" y="1363" width="832" height="1359"/>
	<SubTexture name="BF_Right0008" x="3338" y="1363" width="832" height="1359"/>
	<SubTexture name="BF_Right0009" x="3338" y="1363" width="832" height="1359"/>
	<SubTexture name="BF_Right_Wrong0000" x="3338" y="2" width="832" height="1359"/>
	<SubTexture name="BF_Right_Wrong0001" x="3338" y="2" width="832" height="1359"/>
	<SubTexture name="BF_Right_Wrong0002" x="4172" y="2" width="832" height="1359"/>
	<SubTexture name="BF_Right_Wrong0003" x="4172" y="2" width="832" height="1359"/>
	<SubTexture name="BF_Right_Wrong0004" x="4172" y="2" width="832" height="1359"/>
	<SubTexture name="BF_Right_Wrong0005" x="4172" y="2" width="832" height="1359"/>
	<SubTexture name="BF_Right_Wrong0006" x="4172" y="2" width="832" height="1359"/>
	<SubTexture name="BF_Right_Wrong0007" x="4172" y="2" width="832" height="1359"/>
	<SubTexture name="BF_Right_Wrong0008" x="4172" y="2" width="832" height="1359"/>
	<SubTexture name="BF_Right_Wrong0009" x="4172" y="2" width="832" height="1359"/>
	<SubTexture name="BF_Up0000" x="4172" y="1363" width="832" height="1359"/>
	<SubTexture name="BF_Up0001" x="4172" y="1363" width="832" height="1359"/>
	<SubTexture name="BF_Up0002" x="5006" y="1363" width="832" height="1359"/>
	<SubTexture name="BF_Up0003" x="5006" y="1363" width="832" height="1359"/>
	<SubTexture name="BF_Up0004" x="5006" y="1363" width="832" height="1359"/>
	<SubTexture name="BF_Up0005" x="5006" y="1363" width="832" height="1359"/>
	<SubTexture name="BF_Up0006" x="5006" y="1363" width="832" height="1359"/>
	<SubTexture name="BF_Up0007" x="5006" y="1363" width="832" height="1359"/>
	<SubTexture name="BF_Up0008" x="5006" y="1363" width="832" height="1359"/>
	<SubTexture name="BF_Up0009" x="5006" y="1363" width="832" height="1359"/>
	<SubTexture name="BF_Up_Wrong0000" x="5006" y="2" width="832" height="1359"/>
	<SubTexture name="BF_Up_Wrong0001" x="5006" y="2" width="832" height="1359"/>
	<SubTexture name="BF_Up_Wrong0002" x="5840" y="2" width="832" height="1359"/>
	<SubTexture name="BF_Up_Wrong0003" x="5840" y="2" width="832" height="1359"/>
	<SubTexture name="BF_Up_Wrong0004" x="5840" y="2" width="832" height="1359"/>
	<SubTexture name="BF_Up_Wrong0005" x="5840" y="2" width="832" height="1359"/>
	<SubTexture name="BF_Up_Wrong0006" x="5840" y="2" width="832" height="1359"/>
	<SubTexture name="BF_Up_Wrong0007" x="5840" y="2" width="832" height="1359"/>
	<SubTexture name="BF_Up_Wrong0008" x="5840" y="2" width="832" height="1359"/>
	<SubTexture name="BF_Up_Wrong0009" x="5840" y="2" width="832" height="1359"/>
</TextureAtlas>
