﻿<?xml version="1.0" encoding="utf-8"?>
<TextureAtlas imagePath="CGMNM.png">
	<!-- Created with Adobe Animate version 23.0.1.70 -->
	<!-- http://www.adobe.com/products/animate.html -->
	<SubTexture name="CG_Down0000" x="2" y="2" width="1086" height="1557"/>
	<SubTexture name="CG_Down0001" x="2" y="2" width="1086" height="1557"/>
	<SubTexture name="CG_Down0002" x="1090" y="2" width="1086" height="1557"/>
	<SubTexture name="CG_Down0003" x="1090" y="2" width="1086" height="1557"/>
	<SubTexture name="CG_Down0004" x="1090" y="2" width="1086" height="1557"/>
	<SubTexture name="CG_Down0005" x="1090" y="2" width="1086" height="1557"/>
	<SubTexture name="CG_Down0006" x="1090" y="2" width="1086" height="1557"/>
	<SubTexture name="CG_Down0007" x="1090" y="2" width="1086" height="1557"/>
	<SubTexture name="CG_Down0008" x="1090" y="2" width="1086" height="1557"/>
	<SubTexture name="CG_Down0009" x="1090" y="2" width="1086" height="1557"/>
	<SubTexture name="CG_Idle0000" x="2178" y="2" width="1086" height="1557"/>
	<SubTexture name="CG_Idle0001" x="2178" y="2" width="1086" height="1557"/>
	<SubTexture name="CG_Idle0002" x="2178" y="2" width="1086" height="1557"/>
	<SubTexture name="CG_Idle0003" x="2178" y="2" width="1086" height="1557"/>
	<SubTexture name="CG_Idle0004" x="3266" y="2" width="1086" height="1557"/>
	<SubTexture name="CG_Idle0005" x="3266" y="2" width="1086" height="1557"/>
	<SubTexture name="CG_Idle0006" x="4354" y="2" width="1086" height="1557"/>
	<SubTexture name="CG_Idle0007" x="4354" y="2" width="1086" height="1557"/>
	<SubTexture name="CG_Idle0008" x="5442" y="2" width="1086" height="1557"/>
	<SubTexture name="CG_Idle0009" x="5442" y="2" width="1086" height="1557"/>
	<SubTexture name="CG_Idle0010" x="5442" y="2" width="1086" height="1557"/>
	<SubTexture name="CG_Idle0011" x="5442" y="2" width="1086" height="1557"/>
	<SubTexture name="CG_Idle0012" x="4354" y="2" width="1086" height="1557"/>
	<SubTexture name="CG_Idle0013" x="4354" y="2" width="1086" height="1557"/>
	<SubTexture name="CG_Left0000" x="6530" y="2" width="1086" height="1557"/>
	<SubTexture name="CG_Left0001" x="6530" y="2" width="1086" height="1557"/>
	<SubTexture name="CG_Left0002" x="2" y="1561" width="1086" height="1557"/>
	<SubTexture name="CG_Left0003" x="2" y="1561" width="1086" height="1557"/>
	<SubTexture name="CG_Left0004" x="2" y="1561" width="1086" height="1557"/>
	<SubTexture name="CG_Left0005" x="2" y="1561" width="1086" height="1557"/>
	<SubTexture name="CG_Left0006" x="2" y="1561" width="1086" height="1557"/>
	<SubTexture name="CG_Left0007" x="2" y="1561" width="1086" height="1557"/>
	<SubTexture name="CG_Left0008" x="2" y="1561" width="1086" height="1557"/>
	<SubTexture name="CG_Left0009" x="2" y="1561" width="1086" height="1557"/>
	<SubTexture name="CG_Right0000" x="1090" y="1561" width="1086" height="1557"/>
	<SubTexture name="CG_Right0001" x="1090" y="1561" width="1086" height="1557"/>
	<SubTexture name="CG_Right0002" x="2178" y="1561" width="1086" height="1557"/>
	<SubTexture name="CG_Right0003" x="2178" y="1561" width="1086" height="1557"/>
	<SubTexture name="CG_Right0004" x="2178" y="1561" width="1086" height="1557"/>
	<SubTexture name="CG_Right0005" x="2178" y="1561" width="1086" height="1557"/>
	<SubTexture name="CG_Right0006" x="2178" y="1561" width="1086" height="1557"/>
	<SubTexture name="CG_Right0007" x="2178" y="1561" width="1086" height="1557"/>
	<SubTexture name="CG_Right0008" x="2178" y="1561" width="1086" height="1557"/>
	<SubTexture name="CG_Right0009" x="2178" y="1561" width="1086" height="1557"/>
	<SubTexture name="CG_Up0000" x="3266" y="1561" width="1086" height="1557"/>
	<SubTexture name="CG_Up0001" x="3266" y="1561" width="1086" height="1557"/>
	<SubTexture name="CG_Up0002" x="4354" y="1561" width="1086" height="1557"/>
	<SubTexture name="CG_Up0003" x="4354" y="1561" width="1086" height="1557"/>
	<SubTexture name="CG_Up0004" x="4354" y="1561" width="1086" height="1557"/>
	<SubTexture name="CG_Up0005" x="4354" y="1561" width="1086" height="1557"/>
	<SubTexture name="CG_Up0006" x="4354" y="1561" width="1086" height="1557"/>
	<SubTexture name="CG_Up0007" x="4354" y="1561" width="1086" height="1557"/>
	<SubTexture name="CG_Up0008" x="4354" y="1561" width="1086" height="1557"/>
	<SubTexture name="CG_Up0009" x="4354" y="1561" width="1086" height="1557"/>
</TextureAtlas>
