{
	"song": {
		"player1": "bf-3dw",
		"events": [],
		"gfVersion": "gf-slower",
		"notes": [
			{
				"sectionBeats": 4,
				"sectionNotes": [],
				"lengthInSteps": 16,
				"altAnim": false,
				"mustHitSection": false,
				"changeBPM": false,
				"bpm": 213
			},
			{
				"sectionBeats": 4,
				"sectionNotes": [
					[
						2253.52112676056,
						1,
						0
					]
				],
				"lengthInSteps": 16,
				"altAnim": false,
				"mustHitSection": false,
				"changeBPM": false,
				"bpm": 213
			},
			{
				"sectionBeats": 4,
				"sectionNotes": [
					[
						2535.21126760563,
						1,
						0
					],
					[
						2816.9014084507,
						0,
						0
					],
					[
						3098.59154929577,
						3,
						0
					]
				],
				"lengthInSteps": 16,
				"altAnim": false,
				"mustHitSection": false,
				"changeBPM": false,
				"bpm": 213
			},
			{
				"sectionBeats": 4,
				"sectionNotes": [
					[
						3380.28169014085,
						1,
						0
					],
					[
						3661.97183098591,
						1,
						0
					],
					[
						3943.66197183098,
						2,
						0
					],
					[
						4225.35211267606,
						3,
						0
					]
				],
				"lengthInSteps": 16,
				"altAnim": false,
				"mustHitSection": false,
				"changeBPM": false,
				"bpm": 213
			},
			{
				"sectionBeats": 4,
				"sectionNotes": [
					[
						4507.04225352113,
						1,
						0
					],
					[
						4788.73239436619,
						1,
						0
					],
					[
						5070.42253521126,
						2,
						0
					],
					[
						5352.11267605633,
						3,
						0
					]
				],
				"lengthInSteps": 16,
				"altAnim": false,
				"mustHitSection": false,
				"changeBPM": false,
				"bpm": 213
			},
			{
				"sectionBeats": 4,
				"sectionNotes": [
					[
						5633.80281690141,
						1,
						211.267605633803
					],
					[
						5915.49295774648,
						3,
						211.267605633803
					],
					[
						6197.18309859155,
						0,
						211.267605633803
					],
					[
						6478.87323943662,
						2,
						211.267605633804
					]
				],
				"lengthInSteps": 16,
				"altAnim": false,
				"mustHitSection": false,
				"changeBPM": false,
				"bpm": 213
			},
			{
				"sectionBeats": 4,
				"sectionNotes": [
					[
						6760.56338028169,
						0,
						0
					],
					[
						7042.25352112676,
						0,
						0
					],
					[
						7323.94366197183,
						3,
						0
					],
					[
						7605.6338028169,
						1,
						0
					],
					[
						7887.32394366197,
						0,
						0
					]
				],
				"lengthInSteps": 16,
				"altAnim": false,
				"mustHitSection": false,
				"changeBPM": false,
				"bpm": 213
			},
			{
				"sectionBeats": 4,
				"sectionNotes": [
					[
						8169.01408450704,
						0,
						0
					],
					[
						8450.70422535211,
						2,
						0
					],
					[
						8732.39436619718,
						1,
						0
					],
					[
						9014.08450704225,
						2,
						0
					]
				],
				"lengthInSteps": 16,
				"altAnim": false,
				"mustHitSection": false,
				"changeBPM": false,
				"bpm": 213
			},
			{
				"sectionBeats": 4,
				"sectionNotes": [
					[
						9295.77464788732,
						2,
						0
					],
					[
						9577.46478873239,
						0,
						0
					],
					[
						9859.15492957747,
						2,
						0
					],
					[
						10140.8450704225,
						3,
						0
					],
					[
						10140.8450704225,
						4,
						0
					]
				],
				"lengthInSteps": 16,
				"altAnim": false,
				"mustHitSection": false,
				"changeBPM": false,
				"bpm": 213
			},
			{
				"sectionBeats": 4,
				"sectionNotes": [
					[
						10422.5352112676,
						5,
						0
					],
					[
						10704.2253521127,
						6,
						0
					],
					[
						10985.9154929577,
						4,
						0
					],
					[
						11267.6056338028,
						7,
						0
					],
					[
						10422.5352112676,
						1,
						0
					],
					[
						10704.2253521127,
						2,
						0
					],
					[
						10985.9154929577,
						3,
						0
					],
					[
						11267.6056338028,
						1,
						0
					]
				],
				"lengthInSteps": 16,
				"altAnim": false,
				"mustHitSection": true,
				"changeBPM": false,
				"bpm": 213
			},
			{
				"sectionBeats": 4,
				"sectionNotes": [
					[
						11549.2957746479,
						1,
						0
					],
					[
						11830.985915493,
						0,
						0
					],
					[
						12112.676056338,
						3,
						0
					]
				],
				"lengthInSteps": 16,
				"altAnim": false,
				"mustHitSection": true,
				"changeBPM": false,
				"bpm": 213
			},
			{
				"sectionBeats": 4,
				"sectionNotes": [
					[
						12394.3661971831,
						1,
						0
					],
					[
						12676.0563380282,
						1,
						0
					],
					[
						12957.7464788732,
						2,
						0
					],
					[
						13239.4366197183,
						3,
						0
					]
				],
				"lengthInSteps": 16,
				"altAnim": false,
				"mustHitSection": true,
				"changeBPM": false,
				"bpm": 213
			},
			{
				"sectionBeats": 4,
				"sectionNotes": [
					[
						13521.1267605634,
						1,
						0
					],
					[
						13802.8169014084,
						1,
						0
					],
					[
						14084.5070422535,
						2,
						0
					],
					[
						14366.1971830986,
						3,
						0
					]
				],
				"lengthInSteps": 16,
				"altAnim": false,
				"mustHitSection": true,
				"changeBPM": false,
				"bpm": 213
			},
			{
				"sectionBeats": 4,
				"sectionNotes": [
					[
						14647.8873239437,
						2,
						211.267605633767
					],
					[
						14929.5774647887,
						1,
						211.267605633839
					],
					[
						15211.2676056338,
						0,
						211.267605633807
					],
					[
						15492.9577464789,
						3,
						211.267605633779
					],
					[
						15774.6478873239,
						2,
						0
					]
				],
				"lengthInSteps": 16,
				"altAnim": false,
				"mustHitSection": true,
				"changeBPM": false,
				"bpm": 213
			},
			{
				"sectionBeats": 4,
				"sectionNotes": [
					[
						16056.338028169,
						2,
						0
					],
					[
						16338.0281690141,
						3,
						0
					],
					[
						16619.7183098592,
						1,
						0
					],
					[
						16901.4084507042,
						2,
						0
					]
				],
				"lengthInSteps": 16,
				"altAnim": false,
				"mustHitSection": true,
				"changeBPM": false,
				"bpm": 213
			},
			{
				"sectionBeats": 4,
				"sectionNotes": [
					[
						17183.0985915493,
						2,
						0
					],
					[
						17464.7887323944,
						0,
						0
					],
					[
						17746.4788732394,
						1,
						0
					],
					[
						18028.1690140845,
						0,
						0
					]
				],
				"lengthInSteps": 16,
				"altAnim": false,
				"mustHitSection": true,
				"changeBPM": false,
				"bpm": 213
			},
			{
				"sectionBeats": 4,
				"sectionNotes": [
					[
						18309.8591549296,
						0,
						0
					],
					[
						18591.5492957746,
						3,
						0
					],
					[
						18873.2394366197,
						2,
						0
					]
				],
				"lengthInSteps": 16,
				"altAnim": false,
				"mustHitSection": true,
				"changeBPM": false,
				"bpm": 213
			},
			{
				"sectionBeats": 4,
				"sectionNotes": [
					[
						19154.9295774648,
						3,
						0
					],
					[
						19436.6197183099,
						1,
						0
					],
					[
						19718.3098591549,
						0,
						0
					],
					[
						20000,
						1,
						0
					]
				],
				"lengthInSteps": 16,
				"altAnim": false,
				"mustHitSection": true,
				"changeBPM": false,
				"bpm": 213
			},
			{
				"sectionBeats": 4,
				"sectionNotes": [
					[
						20281.6901408451,
						2,
						0
					],
					[
						20563.3802816901,
						1,
						0
					],
					[
						20845.0704225352,
						3,
						0
					],
					[
						21032.8638497653,
						0,
						0
					],
					[
						21314.5539906103,
						1,
						586.854460093928
					],
					[
						20281.6901408451,
						6,
						2464.78873239434
					]
				],
				"lengthInSteps": 16,
				"altAnim": false,
				"mustHitSection": false,
				"changeBPM": false,
				"bpm": 213
			},
			{
				"sectionBeats": 4,
				"sectionNotes": [
					[
						22253.5211267606,
						0,
						0
					],
					[
						22535.2112676056,
						2,
						0
					]
				],
				"lengthInSteps": 16,
				"altAnim": false,
				"mustHitSection": false,
				"changeBPM": false,
				"bpm": 213
			},
			{
				"sectionBeats": 4,
				"sectionNotes": [
					[
						22816.9014084507,
						1,
						0
					],
					[
						23098.5915492958,
						3,
						0
					],
					[
						23286.3849765258,
						2,
						0
					],
					[
						23568.0751173709,
						0,
						727.699530516427
					]
				],
				"lengthInSteps": 16,
				"altAnim": false,
				"mustHitSection": false,
				"changeBPM": false,
				"bpm": 213
			},
			{
				"sectionBeats": 4,
				"sectionNotes": [
					[
						24413.1455399061,
						1,
						164.319248826298
					]
				],
				"lengthInSteps": 16,
				"altAnim": false,
				"mustHitSection": false,
				"changeBPM": false,
				"bpm": 213
			},
			{
				"sectionBeats": 4,
				"sectionNotes": [
					[
						24788.7323943662,
						2,
						281.69014084507
					],
					[
						25258.2159624413,
						0,
						234.741784037577
					],
					[
						25633.8028169014,
						1,
						140.845070422535
					]
				],
				"lengthInSteps": 16,
				"altAnim": false,
				"mustHitSection": false,
				"changeBPM": false,
				"bpm": 213
			},
			{
				"sectionBeats": 4,
				"sectionNotes": [
					[
						25915.4929577465,
						2,
						281.69014084505
					],
					[
						26384.9765258216,
						3,
						234.741784037557
					],
					[
						26760.5633802817,
						1,
						140.845070422535
					]
				],
				"lengthInSteps": 16,
				"altAnim": false,
				"mustHitSection": false,
				"changeBPM": false,
				"bpm": 213
			},
			{
				"sectionBeats": 4,
				"sectionNotes": [
					[
						27042.2535211268,
						0,
						0
					],
					[
						27323.9436619718,
						0,
						0
					],
					[
						27605.6338028169,
						1,
						0
					],
					[
						27793.4272300469,
						2,
						0
					],
					[
						28075.117370892,
						3,
						563.380281690161
					]
				],
				"lengthInSteps": 16,
				"altAnim": false,
				"mustHitSection": false,
				"changeBPM": false,
				"bpm": 213
			},
			{
				"sectionBeats": 4,
				"sectionNotes": [
					[
						28685.4460093897,
						6,
						0
					],
					[
						29014.0845070423,
						3,
						0
					],
					[
						29295.7746478873,
						2,
						0
					]
				],
				"lengthInSteps": 16,
				"altAnim": false,
				"mustHitSection": true,
				"changeBPM": false,
				"bpm": 213
			},
			{
				"sectionBeats": 4,
				"sectionNotes": [
					[
						29577.4647887324,
						0,
						0
					],
					[
						29859.1549295775,
						1,
						0
					],
					[
						30046.9483568075,
						3,
						0
					],
					[
						30328.6384976526,
						0,
						516.431924882616
					]
				],
				"lengthInSteps": 16,
				"altAnim": false,
				"mustHitSection": true,
				"changeBPM": false,
				"bpm": 213
			},
			{
				"sectionBeats": 4,
				"sectionNotes": [
					[
						31267.6056338028,
						3,
						0
					]
				],
				"lengthInSteps": 16,
				"altAnim": false,
				"mustHitSection": true,
				"changeBPM": false,
				"bpm": 213
			},
			{
				"sectionBeats": 4,
				"sectionNotes": [
					[
						31549.2957746479,
						2,
						0
					],
					[
						31830.985915493,
						3,
						0
					],
					[
						32112.676056338,
						1,
						0
					],
					[
						32300.4694835681,
						0,
						0
					],
					[
						32582.1596244131,
						2,
						446.009389671412
					]
				],
				"lengthInSteps": 16,
				"altAnim": false,
				"mustHitSection": true,
				"changeBPM": false,
				"bpm": 213
			},
			{
				"sectionBeats": 4,
				"sectionNotes": [
					[
						33145.5399061033,
						0,
						0
					],
					[
						33427.2300469484,
						3,
						164.31924882625
					],
					[
						33802.8169014084,
						0,
						422.535211267662
					]
				],
				"lengthInSteps": 16,
				"altAnim": false,
				"mustHitSection": true,
				"changeBPM": false,
				"bpm": 213
			},
			{
				"sectionBeats": 4,
				"sectionNotes": [
					[
						34272.3004694836,
						3,
						305.164319248797
					],
					[
						34647.8873239437,
						1,
						140.845070422503
					],
					[
						34929.5774647887,
						2,
						0
					]
				],
				"lengthInSteps": 16,
				"altAnim": false,
				"mustHitSection": true,
				"changeBPM": false,
				"bpm": 213
			},
			{
				"sectionBeats": 4,
				"sectionNotes": [
					[
						35211.2676056338,
						0,
						0
					],
					[
						35492.9577464789,
						2,
						0
					],
					[
						35680.7511737089,
						3,
						0
					],
					[
						35962.441314554,
						1,
						1079.81220657276
					]
				],
				"lengthInSteps": 16,
				"altAnim": false,
				"mustHitSection": true,
				"changeBPM": false,
				"bpm": 213
			},
			{
				"sectionBeats": 4,
				"sectionNotes": [
					[
						36338.0281690141,
						0,
						0
					],
					[
						36619.7183098592,
						3,
						0
					]
				],
				"lengthInSteps": 16,
				"altAnim": false,
				"mustHitSection": false,
				"changeBPM": false,
				"bpm": 213
			},
			{
				"sectionBeats": 4,
				"sectionNotes": [
					[
						37183.0985915493,
						1,
						0
					],
					[
						37652.5821596244,
						3,
						0
					],
					[
						38028.1690140845,
						2,
						0
					]
				],
				"lengthInSteps": 16,
				"altAnim": false,
				"mustHitSection": false,
				"changeBPM": false,
				"bpm": 213
			},
			{
				"sectionBeats": 4,
				"sectionNotes": [
					[
						38309.8591549296,
						1,
						0
					],
					[
						38591.5492957746,
						2,
						0
					],
					[
						38873.2394366197,
						1,
						0
					],
					[
						39061.0328638498,
						0,
						0
					],
					[
						39342.7230046948,
						3,
						586.854460093931
					]
				],
				"lengthInSteps": 16,
				"altAnim": false,
				"mustHitSection": false,
				"changeBPM": false,
				"bpm": 213
			},
			{
				"sectionBeats": 4,
				"sectionNotes": [
					[
						40281.6901408451,
						2,
						0
					],
					[
						40563.3802816901,
						1,
						0
					],
					[
						39718.3098591549,
						5,
						0
					],
					[
						39859.1549295775,
						5,
						0
					],
					[
						40000,
						6,
						0
					]
				],
				"lengthInSteps": 16,
				"altAnim": false,
				"mustHitSection": false,
				"changeBPM": false,
				"bpm": 213
			},
			{
				"sectionBeats": 4,
				"sectionNotes": [
					[
						40845.0704225352,
						0,
						0
					],
					[
						41126.7605633803,
						1,
						0
					],
					[
						41314.5539906103,
						3,
						0
					],
					[
						41596.2441314554,
						2,
						727.699530516435
					]
				],
				"lengthInSteps": 16,
				"altAnim": false,
				"mustHitSection": false,
				"changeBPM": false,
				"bpm": 213
			},
			{
				"sectionBeats": 4,
				"sectionNotes": [
					[
						42441.3145539906,
						0,
						234.741784037569
					],
					[
						41971.8309859155,
						4,
						0
					],
					[
						42112.676056338,
						4,
						0
					],
					[
						42253.5211267606,
						6,
						0
					]
				],
				"lengthInSteps": 16,
				"altAnim": false,
				"mustHitSection": false,
				"changeBPM": false,
				"bpm": 213
			},
			{
				"sectionBeats": 4,
				"sectionNotes": [
					[
						42816.9014084507,
						2,
						281.69014084507
					],
					[
						43286.3849765258,
						1,
						234.741784037585
					],
					[
						43661.9718309859,
						0,
						0
					]
				],
				"lengthInSteps": 16,
				"altAnim": false,
				"mustHitSection": false,
				"changeBPM": false,
				"bpm": 213
			},
			{
				"sectionBeats": 4,
				"sectionNotes": [
					[
						43943.661971831,
						2,
						281.69014084507
					],
					[
						44413.1455399061,
						1,
						234.741784037569
					],
					[
						44788.7323943662,
						0,
						0
					]
				],
				"lengthInSteps": 16,
				"altAnim": false,
				"mustHitSection": false,
				"changeBPM": false,
				"bpm": 213
			},
			{
				"sectionBeats": 4,
				"sectionNotes": [
					[
						45070.4225352113,
						0,
						0
					],
					[
						45352.1126760563,
						3,
						0
					],
					[
						45633.8028169014,
						0,
						0
					],
					[
						45821.5962441314,
						2,
						0
					],
					[
						46103.2863849765,
						3,
						1079.8122065728
					]
				],
				"lengthInSteps": 16,
				"altAnim": false,
				"mustHitSection": false,
				"changeBPM": false,
				"bpm": 213
			},
			{
				"sectionBeats": 4,
				"sectionNotes": [
					[
						47042.2535211268,
						2,
						0
					],
					[
						47323.9436619718,
						1,
						0
					]
				],
				"lengthInSteps": 16,
				"altAnim": false,
				"mustHitSection": true,
				"changeBPM": false,
				"bpm": 213
			},
			{
				"sectionBeats": 4,
				"sectionNotes": [
					[
						47605.6338028169,
						2,
						0
					],
					[
						47887.323943662,
						1,
						0
					],
					[
						48075.117370892,
						0,
						0
					],
					[
						48356.8075117371,
						3,
						516.431924882624
					]
				],
				"lengthInSteps": 16,
				"altAnim": false,
				"mustHitSection": true,
				"changeBPM": false,
				"bpm": 213
			},
			{
				"sectionBeats": 4,
				"sectionNotes": [
					[
						48732.3943661972,
						7,
						0
					],
					[
						48873.2394366197,
						7,
						0
					],
					[
						49014.0845070423,
						4,
						0
					],
					[
						49295.7746478873,
						2,
						0
					]
				],
				"lengthInSteps": 16,
				"altAnim": false,
				"mustHitSection": true,
				"changeBPM": false,
				"bpm": 213
			},
			{
				"sectionBeats": 4,
				"sectionNotes": [
					[
						49577.4647887324,
						1,
						0
					],
					[
						49859.1549295775,
						0,
						0
					],
					[
						50140.8450704225,
						1,
						0
					],
					[
						50328.6384976526,
						3,
						0
					],
					[
						50610.3286384976,
						2,
						516.431924882688
					]
				],
				"lengthInSteps": 16,
				"altAnim": false,
				"mustHitSection": true,
				"changeBPM": false,
				"bpm": 213
			},
			{
				"sectionBeats": 4,
				"sectionNotes": [
					[
						50985.9154929577,
						4,
						0
					],
					[
						51126.7605633803,
						4,
						0
					],
					[
						51267.6056338028,
						6,
						0
					],
					[
						51173.7089201878,
						1,
						0
					],
					[
						51455.3990610329,
						0,
						0
					]
				],
				"lengthInSteps": 16,
				"altAnim": false,
				"mustHitSection": true,
				"changeBPM": false,
				"bpm": 213
			},
			{
				"sectionBeats": 4,
				"sectionNotes": [
					[
						51830.985915493,
						2,
						211.267605633763
					],
					[
						52112.676056338,
						3,
						0
					],
					[
						52300.4694835681,
						0,
						234.741784037537
					],
					[
						52676.0563380282,
						1,
						211.267605633779
					],
					[
						52957.7464788732,
						0,
						0
					]
				],
				"lengthInSteps": 16,
				"altAnim": false,
				"mustHitSection": true,
				"changeBPM": false,
				"bpm": 213
			},
			{
				"sectionBeats": 4,
				"sectionNotes": [
					[
						53239.4366197183,
						3,
						0
					],
					[
						53521.1267605634,
						2,
						0
					],
					[
						53708.9201877934,
						3,
						0
					],
					[
						53990.6103286385,
						0,
						1713.61502347419
					]
				],
				"lengthInSteps": 16,
				"altAnim": false,
				"mustHitSection": true,
				"changeBPM": false,
				"bpm": 213
			},
			{
				"sectionBeats": 4,
				"sectionNotes": [],
				"lengthInSteps": 16,
				"altAnim": false,
				"mustHitSection": true,
				"changeBPM": false,
				"bpm": 213
			},
			{
				"sectionBeats": 4,
				"sectionNotes": [
					[
						55492.9577464789,
						0,
						0
					],
					[
						55633.8028169014,
						0,
						0
					],
					[
						55774.6478873239,
						2,
						0
					],
					[
						56056.338028169,
						2,
						211.267605633803
					]
				],
				"lengthInSteps": 16,
				"altAnim": false,
				"mustHitSection": false,
				"changeBPM": false,
				"bpm": 213
			},
			{
				"sectionBeats": 4,
				"sectionNotes": [
					[
						56338.0281690141,
						3,
						422.535211267598
					],
					[
						56807.5117370892,
						1,
						0
					],
					[
						57183.0985915493,
						2,
						0
					]
				],
				"lengthInSteps": 16,
				"altAnim": false,
				"mustHitSection": false,
				"changeBPM": false,
				"bpm": 213
			},
			{
				"sectionBeats": 4,
				"sectionNotes": [
					[
						57464.7887323944,
						0,
						422.535211267582
					],
					[
						57934.2723004695,
						1,
						305.164319248821
					],
					[
						58309.8591549296,
						3,
						0
					],
					[
						58591.5492957746,
						2,
						0
					]
				],
				"lengthInSteps": 16,
				"altAnim": false,
				"mustHitSection": false,
				"changeBPM": false,
				"bpm": 213
			},
			{
				"sectionBeats": 4,
				"sectionNotes": [
					[
						58873.2394366197,
						6,
						0
					],
					[
						59154.9295774648,
						5,
						0
					],
					[
						59295.7746478873,
						7,
						0
					],
					[
						59624.4131455399,
						4,
						1150.23474178406
					],
					[
						59577.4647887324,
						3,
						352.112676056338
					]
				],
				"lengthInSteps": 16,
				"altAnim": false,
				"mustHitSection": true,
				"changeBPM": false,
				"bpm": 213
			},
			{
				"sectionBeats": 4,
				"sectionNotes": [
					[
						60845.0704225352,
						3,
						422.535211267622
					],
					[
						60000,
						4,
						0
					],
					[
						60281.6901408451,
						5,
						0
					],
					[
						60469.4835680751,
						7,
						0
					],
					[
						60751.1737089202,
						6,
						0
					]
				],
				"lengthInSteps": 16,
				"altAnim": false,
				"mustHitSection": false,
				"changeBPM": false,
				"bpm": 213
			},
			{
				"sectionBeats": 4,
				"sectionNotes": [
					[
						61314.5539906103,
						1,
						0
					],
					[
						61690.1408450704,
						2,
						0
					]
				],
				"lengthInSteps": 16,
				"altAnim": false,
				"mustHitSection": false,
				"changeBPM": false,
				"bpm": 213
			},
			{
				"sectionBeats": 4,
				"sectionNotes": [
					[
						61971.8309859155,
						0,
						422.535211267606
					],
					[
						62441.3145539906,
						1,
						328.638497652596
					],
					[
						62816.9014084507,
						3,
						211.267605633819
					],
					[
						61971.8309859155,
						7,
						422.535211267606
					],
					[
						62441.3145539906,
						5,
						328.638497652596
					],
					[
						62816.9014084507,
						4,
						211.267605633819
					]
				],
				"lengthInSteps": 16,
				"altAnim": false,
				"mustHitSection": false,
				"changeBPM": false,
				"bpm": 213
			},
			{
				"sectionBeats": 4,
				"sectionNotes": [
					[
						63098.5915492958,
						0,
						492.957746478857
					],
					[
						63661.9718309859,
						1,
						492.957746478897
					],
					[
						64225.352112676,
						2,
						563.380281690205
					],
					[
						63098.5915492958,
						7,
						492.957746478857
					],
					[
						63661.9718309859,
						5,
						492.957746478897
					],
					[
						64225.352112676,
						6,
						563.380281690205
					]
				],
				"lengthInSteps": 16,
				"altAnim": false,
				"mustHitSection": false,
				"changeBPM": false,
				"bpm": 213
			},
			{
				"sectionBeats": 4,
				"sectionNotes": [
					[
						65070.4225352113,
						1,
						211.267605633803
					],
					[
						65352.1126760563,
						3,
						422.535211267654
					]
				],
				"lengthInSteps": 16,
				"altAnim": false,
				"mustHitSection": true,
				"changeBPM": false,
				"bpm": 213
			},
			{
				"sectionBeats": 4,
				"sectionNotes": [
					[
						65821.5962441314,
						0,
						0
					],
					[
						66197.1830985915,
						3,
						0
					],
					[
						66478.8732394366,
						2,
						422.53521126763
					]
				],
				"lengthInSteps": 16,
				"altAnim": false,
				"mustHitSection": true,
				"changeBPM": false,
				"bpm": 213
			},
			{
				"sectionBeats": 4,
				"sectionNotes": [
					[
						66948.3568075117,
						1,
						305.164319248885
					],
					[
						67323.9436619718,
						0,
						0
					]
				],
				"lengthInSteps": 16,
				"altAnim": false,
				"mustHitSection": true,
				"changeBPM": false,
				"bpm": 213
			},
			{
				"sectionBeats": 4,
				"sectionNotes": [
					[
						68591.5492957747,
						3,
						352.11267605633
					],
					[
						67605.6338028169,
						6,
						0
					],
					[
						67887.323943662,
						6,
						0
					],
					[
						68169.014084507,
						7,
						0
					],
					[
						68309.8591549296,
						4,
						0
					],
					[
						68638.4976525822,
						5,
						1150.23474178401
					]
				],
				"lengthInSteps": 16,
				"altAnim": false,
				"mustHitSection": false,
				"changeBPM": false,
				"bpm": 213
			},
			{
				"sectionBeats": 4,
				"sectionNotes": [
					[
						69014.0845070423,
						0,
						0
					],
					[
						69295.7746478873,
						2,
						0
					],
					[
						69577.4647887324,
						0,
						0
					],
					[
						69765.2582159624,
						2,
						0
					]
				],
				"lengthInSteps": 16,
				"altAnim": false,
				"mustHitSection": false,
				"changeBPM": false,
				"bpm": 213
			},
			{
				"sectionBeats": 4,
				"sectionNotes": [
					[
						70140.8450704225,
						0,
						0
					],
					[
						70328.6384976526,
						3,
						0
					],
					[
						70704.2253521127,
						0,
						0
					],
					[
						69859.1549295775,
						4,
						422.535211267606
					],
					[
						70704.2253521127,
						7,
						0
					]
				],
				"lengthInSteps": 16,
				"altAnim": false,
				"mustHitSection": false,
				"changeBPM": false,
				"bpm": 213
			},
			{
				"sectionBeats": 4,
				"sectionNotes": [
					[
						70985.9154929578,
						2,
						140.845070422535
					],
					[
						71267.6056338028,
						1,
						0
					],
					[
						71455.3990610329,
						0,
						164.319248826262
					],
					[
						71830.985915493,
						2,
						211.267605633771
					],
					[
						70985.9154929578,
						4,
						422.535211267566
					],
					[
						71455.3990610329,
						5,
						0
					],
					[
						71830.985915493,
						6,
						211.267605633771
					]
				],
				"lengthInSteps": 16,
				"altAnim": false,
				"mustHitSection": false,
				"changeBPM": false,
				"bpm": 213
			},
			{
				"sectionBeats": 4,
				"sectionNotes": [
					[
						72112.6760563381,
						1,
						0
					],
					[
						72394.3661971831,
						3,
						0
					],
					[
						72676.0563380282,
						2,
						0
					],
					[
						72957.7464788733,
						0,
						0
					],
					[
						72112.6760563381,
						5,
						0
					],
					[
						72394.3661971831,
						4,
						0
					],
					[
						72676.0563380282,
						6,
						0
					],
					[
						72957.7464788733,
						7,
						0
					]
				],
				"lengthInSteps": 16,
				"altAnim": false,
				"mustHitSection": false,
				"changeBPM": false,
				"bpm": 213
			},
			{
				"sectionBeats": 4,
				"sectionNotes": [
					[
						73239.4366197183,
						1,
						0
					],
					[
						73521.1267605634,
						1,
						0
					],
					[
						73708.9201877935,
						2,
						0
					],
					[
						74084.5070422536,
						0,
						0
					],
					[
						74272.3004694836,
						1,
						0
					],
					[
						73239.4366197183,
						5,
						0
					],
					[
						73521.1267605634,
						5,
						0
					],
					[
						73708.9201877935,
						6,
						0
					],
					[
						74084.5070422536,
						7,
						0
					],
					[
						74272.3004694836,
						5,
						0
					]
				],
				"lengthInSteps": 16,
				"altAnim": false,
				"mustHitSection": false,
				"changeBPM": false,
				"bpm": 213
			},
			{
				"sectionBeats": 4,
				"sectionNotes": [
					[
						74553.9906103286,
						3,
						0
					],
					[
						74929.5774647887,
						0,
						0
					],
					[
						75399.0610328639,
						2,
						586.854460093859
					],
					[
						74553.9906103286,
						4,
						0
					],
					[
						74929.5774647887,
						7,
						0
					],
					[
						75399.0610328639,
						6,
						586.854460093859
					]
				],
				"lengthInSteps": 16,
				"altAnim": false,
				"mustHitSection": false,
				"changeBPM": false,
				"bpm": 213
			},
			{
				"sectionBeats": 4,
				"sectionNotes": [
					[
						76338.0281690141,
						0,
						0
					]
				],
				"lengthInSteps": 16,
				"altAnim": false,
				"mustHitSection": false,
				"changeBPM": false,
				"bpm": 213
			},
			{
				"sectionBeats": 4,
				"sectionNotes": [
					[
						76619.7183098592,
						2,
						0
					],
					[
						76901.4084507042,
						1,
						0
					],
					[
						77183.0985915493,
						3,
						0
					],
					[
						77370.8920187794,
						0,
						0
					],
					[
						77652.5821596244,
						1,
						586.854460093908
					],
					[
						76619.7183098592,
						4,
						1619.71830985916
					]
				],
				"lengthInSteps": 16,
				"altAnim": false,
				"mustHitSection": false,
				"changeBPM": false,
				"bpm": 213
			},
			{
				"sectionBeats": 4,
				"sectionNotes": [
					[
						78591.5492957747,
						0,
						0
					]
				],
				"lengthInSteps": 16,
				"altAnim": false,
				"mustHitSection": false,
				"changeBPM": false,
				"bpm": 213
			},
			{
				"sectionBeats": 4,
				"sectionNotes": [
					[
						78873.2394366198,
						2,
						0
					],
					[
						79154.9295774648,
						1,
						0
					],
					[
						79436.6197183099,
						3,
						0
					],
					[
						79624.4131455399,
						2,
						0
					],
					[
						79906.103286385,
						0,
						727.699530516427
					],
					[
						78873.2394366198,
						6,
						1619.71830985916
					]
				],
				"lengthInSteps": 16,
				"altAnim": false,
				"mustHitSection": false,
				"changeBPM": false,
				"bpm": 213
			},
			{
				"sectionBeats": 4,
				"sectionNotes": [
					[
						80751.1737089202,
						1,
						164.319248826286
					]
				],
				"lengthInSteps": 16,
				"altAnim": false,
				"mustHitSection": false,
				"changeBPM": false,
				"bpm": 213
			},
			{
				"sectionBeats": 4,
				"sectionNotes": [
					[
						81126.7605633804,
						2,
						281.69014084507
					],
					[
						81596.2441314554,
						0,
						234.741784037569
					],
					[
						81971.8309859155,
						1,
						140.845070422535
					],
					[
						81126.7605633804,
						7,
						1619.71830985916
					]
				],
				"lengthInSteps": 16,
				"altAnim": false,
				"mustHitSection": false,
				"changeBPM": false,
				"bpm": 213
			},
			{
				"sectionBeats": 4,
				"sectionNotes": [
					[
						82253.5211267607,
						2,
						211.267605633803
					],
					[
						82723.0046948357,
						3,
						234.741784037553
					],
					[
						83098.5915492958,
						1,
						140.845070422535
					]
				],
				"lengthInSteps": 16,
				"altAnim": false,
				"mustHitSection": false,
				"changeBPM": false,
				"bpm": 213
			},
			{
				"sectionBeats": 4,
				"sectionNotes": [
					[
						83380.2816901409,
						0,
						0
					],
					[
						83661.9718309859,
						0,
						0
					],
					[
						83943.661971831,
						1,
						0
					],
					[
						84131.455399061,
						2,
						0
					],
					[
						84413.1455399061,
						3,
						563.380281690157
					],
					[
						83380.2816901409,
						5,
						1619.71830985916
					]
				],
				"lengthInSteps": 16,
				"altAnim": false,
				"mustHitSection": false,
				"changeBPM": false,
				"bpm": 213
			},
			{
				"sectionBeats": 4,
				"sectionNotes": [
					[
						85023.4741784038,
						6,
						0
					],
					[
						85352.1126760564,
						3,
						0
					]
				],
				"lengthInSteps": 16,
				"altAnim": false,
				"mustHitSection": true,
				"changeBPM": false,
				"bpm": 213
			},
			{
				"sectionBeats": 4,
				"sectionNotes": [
					[
						85633.8028169015,
						5,
						1549.29577464781
					],
					[
						85633.8028169015,
						2,
						0
					],
					[
						85915.4929577465,
						0,
						0
					],
					[
						86197.1830985916,
						1,
						0
					],
					[
						86384.9765258216,
						3,
						0
					],
					[
						86666.6666666667,
						0,
						516.431924882608
					]
				],
				"lengthInSteps": 16,
				"altAnim": false,
				"mustHitSection": true,
				"changeBPM": false,
				"bpm": 213
			},
			{
				"sectionBeats": 4,
				"sectionNotes": [
					[
						87605.6338028169,
						3,
						0
					]
				],
				"lengthInSteps": 16,
				"altAnim": false,
				"mustHitSection": true,
				"changeBPM": false,
				"bpm": 213
			},
			{
				"sectionBeats": 4,
				"sectionNotes": [
					[
						87887.3239436621,
						4,
						1478.87323943651
					],
					[
						87887.3239436621,
						2,
						0
					],
					[
						88169.0140845071,
						3,
						0
					],
					[
						88450.7042253521,
						1,
						0
					],
					[
						88638.4976525822,
						0,
						0
					],
					[
						88920.1877934272,
						2,
						446.009389671404
					]
				],
				"lengthInSteps": 16,
				"altAnim": false,
				"mustHitSection": true,
				"changeBPM": false,
				"bpm": 213
			},
			{
				"sectionBeats": 4,
				"sectionNotes": [
					[
						89483.5680751174,
						0,
						0
					],
					[
						89765.2582159625,
						3,
						164.319248826238
					]
				],
				"lengthInSteps": 16,
				"altAnim": false,
				"mustHitSection": true,
				"changeBPM": false,
				"bpm": 213
			},
			{
				"sectionBeats": 4,
				"sectionNotes": [
					[
						90140.8450704227,
						6,
						1619.71830985916
					],
					[
						90140.8450704227,
						0,
						422.535211267446
					],
					[
						90610.3286384977,
						3,
						305.164319248789
					],
					[
						90985.9154929578,
						1,
						140.845070422535
					]
				],
				"lengthInSteps": 16,
				"altAnim": false,
				"mustHitSection": true,
				"changeBPM": false,
				"bpm": 213
			},
			{
				"sectionBeats": 4,
				"sectionNotes": [
					[
						91267.605633803,
						2,
						0
					],
					[
						91549.2957746479,
						0,
						0
					],
					[
						91830.985915493,
						2,
						0
					],
					[
						92018.779342723,
						3,
						0
					],
					[
						92300.4694835681,
						1,
						1150.23474178403
					]
				],
				"lengthInSteps": 16,
				"altAnim": false,
				"mustHitSection": true,
				"changeBPM": false,
				"bpm": 213
			},
			{
				"sectionBeats": 4,
				"sectionNotes": [
					[
						92676.0563380282,
						0,
						0
					],
					[
						92957.7464788733,
						3,
						0
					]
				],
				"lengthInSteps": 16,
				"altAnim": false,
				"mustHitSection": false,
				"changeBPM": false,
				"bpm": 213
			},
			{
				"sectionBeats": 4,
				"sectionNotes": [
					[
						93521.1267605635,
						1,
						0
					],
					[
						93990.6103286385,
						3,
						0
					],
					[
						94366.1971830986,
						2,
						0
					]
				],
				"lengthInSteps": 16,
				"altAnim": false,
				"mustHitSection": false,
				"changeBPM": false,
				"bpm": 213
			},
			{
				"sectionBeats": 4,
				"sectionNotes": [
					[
						94647.8873239438,
						1,
						0
					],
					[
						94929.5774647887,
						2,
						0
					],
					[
						95211.2676056338,
						1,
						0
					],
					[
						95399.0610328639,
						0,
						0
					],
					[
						95680.7511737089,
						3,
						586.854460093939
					]
				],
				"lengthInSteps": 16,
				"altAnim": false,
				"mustHitSection": false,
				"changeBPM": false,
				"bpm": 213
			},
			{
				"sectionBeats": 4,
				"sectionNotes": [
					[
						96619.7183098592,
						2,
						0
					],
					[
						96056.338028169,
						5,
						0
					],
					[
						96197.1830985916,
						5,
						0
					],
					[
						96338.0281690141,
						6,
						0
					]
				],
				"lengthInSteps": 16,
				"altAnim": false,
				"mustHitSection": false,
				"changeBPM": false,
				"bpm": 213
			},
			{
				"sectionBeats": 4,
				"sectionNotes": [
					[
						96901.4084507044,
						1,
						0
					],
					[
						97183.0985915493,
						0,
						0
					],
					[
						97464.7887323944,
						1,
						0
					],
					[
						97652.5821596244,
						3,
						0
					],
					[
						97934.2723004695,
						2,
						727.699530516427
					]
				],
				"lengthInSteps": 16,
				"altAnim": false,
				"mustHitSection": false,
				"changeBPM": false,
				"bpm": 213
			},
			{
				"sectionBeats": 4,
				"sectionNotes": [
					[
						98779.3427230047,
						0,
						164.319248826302
					],
					[
						98309.8591549296,
						4,
						0
					],
					[
						98450.7042253521,
						4,
						0
					],
					[
						98591.5492957747,
						6,
						0
					]
				],
				"lengthInSteps": 16,
				"altAnim": false,
				"mustHitSection": false,
				"changeBPM": false,
				"bpm": 213
			},
			{
				"sectionBeats": 4,
				"sectionNotes": [
					[
						99154.929577465,
						2,
						281.69014084507
					],
					[
						99624.4131455399,
						1,
						234.741784037569
					],
					[
						100000,
						0,
						0
					],
					[
						100281.690140845,
						2,
						281.69014084507
					]
				],
				"lengthInSteps": 16,
				"altAnim": false,
				"mustHitSection": false,
				"changeBPM": false,
				"bpm": 213
			},
			{
				"sectionBeats": 4,
				"sectionNotes": [
					[
						100751.17370892,
						1,
						234.741784037762
					],
					[
						101126.76056338,
						0,
						0
					]
				],
				"lengthInSteps": 16,
				"altAnim": false,
				"mustHitSection": false,
				"changeBPM": false,
				"bpm": 213
			},
			{
				"sectionBeats": 4,
				"sectionNotes": [
					[
						101408.450704226,
						0,
						0
					],
					[
						101690.14084507,
						3,
						0
					],
					[
						101971.830985915,
						0,
						0
					],
					[
						102159.624413145,
						2,
						0
					],
					[
						102441.314553991,
						3,
						1079.8122065724
					]
				],
				"lengthInSteps": 16,
				"altAnim": false,
				"mustHitSection": false,
				"changeBPM": false,
				"bpm": 213
			},
			{
				"sectionBeats": 4,
				"sectionNotes": [
					[
						103380.281690141,
						2,
						0
					]
				],
				"lengthInSteps": 16,
				"altAnim": false,
				"mustHitSection": true,
				"changeBPM": false,
				"bpm": 213
			},
			{
				"sectionBeats": 4,
				"sectionNotes": [
					[
						103661.971830986,
						1,
						0
					],
					[
						103943.661971831,
						2,
						0
					],
					[
						104225.352112676,
						1,
						0
					],
					[
						104413.145539906,
						0,
						0
					],
					[
						104694.835680751,
						3,
						516.431924882816
					]
				],
				"lengthInSteps": 16,
				"altAnim": false,
				"mustHitSection": true,
				"changeBPM": false,
				"bpm": 213
			},
			{
				"sectionBeats": 4,
				"sectionNotes": [
					[
						105070.422535211,
						7,
						0
					],
					[
						105211.267605634,
						7,
						0
					],
					[
						105352.112676056,
						4,
						0
					],
					[
						105633.802816901,
						2,
						0
					]
				],
				"lengthInSteps": 16,
				"altAnim": false,
				"mustHitSection": true,
				"changeBPM": false,
				"bpm": 213
			},
			{
				"sectionBeats": 4,
				"sectionNotes": [
					[
						105915.492957747,
						1,
						0
					],
					[
						106197.183098592,
						0,
						0
					],
					[
						106478.873239437,
						1,
						0
					],
					[
						106666.666666667,
						3,
						0
					],
					[
						106948.356807512,
						2,
						516.431924882384
					]
				],
				"lengthInSteps": 16,
				"altAnim": false,
				"mustHitSection": true,
				"changeBPM": false,
				"bpm": 213
			},
			{
				"sectionBeats": 4,
				"sectionNotes": [
					[
						107323.943661972,
						4,
						0
					],
					[
						107464.788732394,
						4,
						0
					],
					[
						107605.633802817,
						6,
						0
					],
					[
						107511.737089202,
						1,
						0
					],
					[
						107793.427230047,
						0,
						0
					],
					[
						108169.014084507,
						2,
						211.267605633867
					]
				],
				"lengthInSteps": 16,
				"altAnim": false,
				"mustHitSection": true,
				"changeBPM": false,
				"bpm": 213
			},
			{
				"sectionBeats": 4,
				"sectionNotes": [
					[
						108450.704225352,
						3,
						0
					],
					[
						108638.497652582,
						0,
						234.741784037746
					],
					[
						109014.084507042,
						1,
						211.267605634059
					]
				],
				"lengthInSteps": 16,
				"altAnim": false,
				"mustHitSection": true,
				"changeBPM": false,
				"bpm": 213
			},
			{
				"sectionBeats": 4,
				"sectionNotes": [
					[
						109295.774647888,
						0,
						0
					],
					[
						109577.464788732,
						3,
						0
					],
					[
						109859.154929577,
						2,
						0
					],
					[
						110046.948356807,
						3,
						0
					],
					[
						110328.638497653,
						0,
						1713.61502347377
					]
				],
				"lengthInSteps": 16,
				"altAnim": false,
				"mustHitSection": true,
				"changeBPM": false,
				"bpm": 213
			},
			{
				"sectionBeats": 4,
				"sectionNotes": [],
				"lengthInSteps": 16,
				"altAnim": false,
				"mustHitSection": true,
				"changeBPM": false,
				"bpm": 213
			},
			{
				"sectionBeats": 4,
				"sectionNotes": [
					[
						111830.985915493,
						0,
						0
					],
					[
						111971.830985915,
						0,
						0
					],
					[
						112112.676056338,
						2,
						0
					],
					[
						112394.366197183,
						2,
						211.267605633803
					],
					[
						112676.056338028,
						0,
						211.267605633995
					]
				],
				"lengthInSteps": 16,
				"altAnim": false,
				"mustHitSection": false,
				"changeBPM": false,
				"bpm": 213
			},
			{
				"sectionBeats": 4,
				"sectionNotes": [
					[
						113145.539906104,
						3,
						0
					],
					[
						113521.126760563,
						2,
						0
					]
				],
				"lengthInSteps": 16,
				"altAnim": false,
				"mustHitSection": false,
				"changeBPM": false,
				"bpm": 213
			},
			{
				"sectionBeats": 4,
				"sectionNotes": [
					[
						113802.816901409,
						0,
						352.11267605581
					],
					[
						114272.300469484,
						1,
						305.164319248405
					],
					[
						114647.887323944,
						3,
						0
					]
				],
				"lengthInSteps": 16,
				"altAnim": false,
				"mustHitSection": false,
				"changeBPM": false,
				"bpm": 213
			},
			{
				"sectionBeats": 4,
				"sectionNotes": [
					[
						114929.577464789,
						2,
						0
					],
					[
						115211.267605634,
						2,
						0
					],
					[
						115492.957746479,
						2,
						0
					],
					[
						115680.751173709,
						0,
						0
					],
					[
						115962.441314554,
						1,
						1150.23474178405
					]
				],
				"lengthInSteps": 16,
				"altAnim": false,
				"mustHitSection": true,
				"changeBPM": false,
				"bpm": 213
			},
			{
				"sectionBeats": 4,
				"sectionNotes": [],
				"lengthInSteps": 16,
				"altAnim": false,
				"mustHitSection": false,
				"changeBPM": false,
				"bpm": 213
			},
			{
				"sectionBeats": 4,
				"sectionNotes": [
					[
						117183.09859155,
						2,
						352.112676056338
					],
					[
						117652.582159624,
						1,
						0
					],
					[
						118028.169014084,
						2,
						0
					]
				],
				"lengthInSteps": 16,
				"altAnim": false,
				"mustHitSection": false,
				"changeBPM": false,
				"bpm": 213
			},
			{
				"sectionBeats": 4,
				"sectionNotes": [
					[
						118309.85915493,
						3,
						422.535211267189
					],
					[
						118779.342723005,
						1,
						305.164319248533
					],
					[
						119154.929577465,
						0,
						211.267605633611
					]
				],
				"lengthInSteps": 16,
				"altAnim": false,
				"mustHitSection": false,
				"changeBPM": false,
				"bpm": 213
			},
			{
				"sectionBeats": 4,
				"sectionNotes": [
					[
						119436.61971831,
						3,
						492.957746478745
					],
					[
						120000,
						2,
						492.957746478889
					],
					[
						120563.38028169,
						1,
						492.957746479033
					],
					[
						119436.61971831,
						4,
						492.957746478745
					],
					[
						120000,
						6,
						492.957746478889
					],
					[
						120563.38028169,
						5,
						492.957746479033
					]
				],
				"lengthInSteps": 16,
				"altAnim": false,
				"mustHitSection": false,
				"changeBPM": false,
				"bpm": 213
			},
			{
				"sectionBeats": 4,
				"sectionNotes": [
					[
						121408.450704225,
						2,
						211.267605633803
					]
				],
				"lengthInSteps": 16,
				"altAnim": false,
				"mustHitSection": false,
				"changeBPM": false,
				"bpm": 213
			},
			{
				"sectionBeats": 4,
				"sectionNotes": [
					[
						121690.140845071,
						3,
						422.535211267045
					],
					[
						122159.624413146,
						1,
						0
					],
					[
						122535.211267606,
						3,
						0
					]
				],
				"lengthInSteps": 16,
				"altAnim": false,
				"mustHitSection": false,
				"changeBPM": false,
				"bpm": 213
			},
			{
				"sectionBeats": 4,
				"sectionNotes": [
					[
						122816.901408451,
						0,
						422.535211267333
					],
					[
						123286.384976526,
						1,
						305.164319248677
					],
					[
						123661.971830986,
						3,
						0
					]
				],
				"lengthInSteps": 16,
				"altAnim": false,
				"mustHitSection": false,
				"changeBPM": false,
				"bpm": 213
			},
			{
				"sectionBeats": 4,
				"sectionNotes": [
					[
						123943.661971831,
						2,
						0
					],
					[
						124225.352112676,
						0,
						0
					],
					[
						124507.042253521,
						2,
						0
					],
					[
						124694.835680752,
						0,
						0
					],
					[
						124976.525821597,
						1,
						1150.2347417833
					]
				],
				"lengthInSteps": 16,
				"altAnim": false,
				"mustHitSection": true,
				"changeBPM": false,
				"bpm": 213
			},
			{
				"sectionBeats": 4,
				"sectionNotes": [],
				"lengthInSteps": 16,
				"altAnim": false,
				"mustHitSection": true,
				"changeBPM": false,
				"bpm": 213
			},
			{
				"sectionBeats": 4,
				"sectionNotes": [
					[
						126197.183098592,
						3,
						469.483568074674
					],
					[
						126713.615023475,
						0,
						0
					],
					[
						127042.253521127,
						2,
						0
					],
					[
						127230.046948357,
						0,
						0
					]
				],
				"lengthInSteps": 16,
				"altAnim": false,
				"mustHitSection": false,
				"changeBPM": false,
				"bpm": 213
			},
			{
				"sectionBeats": 4,
				"sectionNotes": [
					[
						128450.704225352,
						1,
						0
					],
					[
						127323.943661972,
						4,
						422.535211267446
					],
					[
						127793.427230047,
						5,
						0
					],
					[
						128169.014084507,
						6,
						211.267605633867
					],
					[
						128450.704225352,
						5,
						0
					]
				],
				"lengthInSteps": 16,
				"altAnim": false,
				"mustHitSection": false,
				"changeBPM": false,
				"bpm": 213
			},
			{
				"sectionBeats": 4,
				"sectionNotes": [
					[
						128732.394366197,
						0,
						0
					],
					[
						129014.084507042,
						2,
						0
					],
					[
						129295.774647887,
						3,
						0
					],
					[
						128732.394366197,
						7,
						0
					],
					[
						129014.084507043,
						6,
						0
					],
					[
						129295.774647887,
						4,
						0
					]
				],
				"lengthInSteps": 16,
				"altAnim": false,
				"mustHitSection": false,
				"changeBPM": false,
				"bpm": 213
			},
			{
				"sectionBeats": 4,
				"sectionNotes": [
					[
						129577.464788733,
						1,
						0
					],
					[
						129859.154929577,
						1,
						0
					],
					[
						130046.948356808,
						2,
						0
					],
					[
						130422.535211268,
						3,
						0
					],
					[
						130610.328638498,
						1,
						0
					],
					[
						129577.464788733,
						5,
						0
					],
					[
						129859.154929577,
						5,
						0
					],
					[
						130046.948356808,
						6,
						0
					],
					[
						130422.535211268,
						4,
						0
					],
					[
						130610.328638498,
						5,
						0
					]
				],
				"lengthInSteps": 16,
				"altAnim": false,
				"mustHitSection": false,
				"changeBPM": false,
				"bpm": 213
			},
			{
				"sectionBeats": 4,
				"sectionNotes": [
					[
						130892.018779343,
						3,
						0
					],
					[
						131267.605633803,
						0,
						0
					],
					[
						131737.089201878,
						2,
						798.122065727646
					],
					[
						130892.018779343,
						4,
						0
					],
					[
						131267.605633803,
						7,
						0
					],
					[
						131737.089201878,
						6,
						798.122065727646
					]
				],
				"lengthInSteps": 16,
				"altAnim": false,
				"mustHitSection": false,
				"changeBPM": false,
				"bpm": 213
			},
			{
				"sectionBeats": 4,
				"sectionNotes": [
					[
						132676.056338029,
						1,
						0
					]
				],
				"lengthInSteps": 16,
				"altAnim": false,
				"mustHitSection": false,
				"changeBPM": false,
				"bpm": 213
			},
			{
				"sectionBeats": 4,
				"sectionNotes": [
					[
						132957.746478874,
						0,
						2464.78873239361
					],
					[
						132957.746478874,
						7,
						2464.78873239361
					]
				],
				"lengthInSteps": 16,
				"altAnim": false,
				"mustHitSection": false,
				"changeBPM": false,
				"bpm": 213
			},
			{
				"sectionBeats": 4,
				"sectionNotes": [],
				"lengthInSteps": 16,
				"altAnim": false,
				"mustHitSection": false,
				"changeBPM": false,
				"bpm": 213
			},
			{
				"sectionBeats": 4,
				"sectionNotes": [],
				"lengthInSteps": 16,
				"altAnim": false,
				"mustHitSection": false,
				"changeBPM": false,
				"bpm": 213
			},
			{
				"sectionBeats": 4,
				"sectionNotes": [],
				"lengthInSteps": 16,
				"altAnim": false,
				"mustHitSection": false,
				"changeBPM": false,
				"bpm": 213
			},
			{
				"sectionBeats": 4,
				"sectionNotes": [],
				"lengthInSteps": 16,
				"altAnim": false,
				"mustHitSection": false,
				"changeBPM": false,
				"bpm": 213
			},
			{
				"sectionBeats": 4,
				"sectionNotes": [],
				"lengthInSteps": 16,
				"altAnim": false,
				"mustHitSection": false,
				"changeBPM": false,
				"bpm": 213
			},
			{
				"sectionBeats": 4,
				"sectionNotes": [],
				"lengthInSteps": 16,
				"altAnim": false,
				"mustHitSection": false,
				"changeBPM": false,
				"bpm": 213
			},
			{
				"sectionBeats": 4,
				"sectionNotes": [],
				"lengthInSteps": 16,
				"altAnim": false,
				"mustHitSection": false,
				"changeBPM": false,
				"bpm": 213
			},
			{
				"sectionBeats": 4,
				"sectionNotes": [],
				"lengthInSteps": 16,
				"altAnim": false,
				"mustHitSection": false,
				"changeBPM": false,
				"bpm": 213
			},
			{
				"sectionBeats": 4,
				"sectionNotes": [],
				"lengthInSteps": 16,
				"altAnim": false,
				"mustHitSection": false,
				"changeBPM": false,
				"bpm": 213
			},
			{
				"sectionBeats": 4,
				"sectionNotes": [],
				"lengthInSteps": 16,
				"altAnim": false,
				"mustHitSection": false,
				"changeBPM": false,
				"bpm": 213
			},
			{
				"sectionBeats": 4,
				"sectionNotes": [],
				"lengthInSteps": 16,
				"altAnim": false,
				"mustHitSection": false,
				"changeBPM": false,
				"bpm": 213
			},
			{
				"sectionBeats": 4,
				"sectionNotes": [],
				"lengthInSteps": 16,
				"altAnim": false,
				"mustHitSection": false,
				"changeBPM": false,
				"bpm": 213
			},
			{
				"sectionBeats": 4,
				"sectionNotes": [],
				"lengthInSteps": 16,
				"altAnim": false,
				"mustHitSection": false,
				"changeBPM": false,
				"bpm": 213
			},
			{
				"sectionBeats": 4,
				"sectionNotes": [],
				"lengthInSteps": 16,
				"altAnim": false,
				"mustHitSection": false,
				"changeBPM": false,
				"bpm": 213
			},
			{
				"sectionBeats": 4,
				"sectionNotes": [],
				"lengthInSteps": 16,
				"altAnim": false,
				"mustHitSection": false,
				"changeBPM": false,
				"bpm": 213
			},
			{
				"sectionBeats": 4,
				"sectionNotes": [],
				"lengthInSteps": 16,
				"altAnim": false,
				"mustHitSection": false,
				"changeBPM": false,
				"bpm": 213
			},
			{
				"sectionBeats": 4,
				"sectionNotes": [],
				"lengthInSteps": 16,
				"altAnim": false,
				"mustHitSection": false,
				"changeBPM": false,
				"bpm": 213
			},
			{
				"sectionBeats": 4,
				"sectionNotes": [],
				"lengthInSteps": 16,
				"altAnim": false,
				"mustHitSection": false,
				"changeBPM": false,
				"bpm": 213
			},
			{
				"sectionBeats": 4,
				"sectionNotes": [],
				"lengthInSteps": 16,
				"altAnim": false,
				"mustHitSection": false,
				"changeBPM": false,
				"bpm": 213
			},
			{
				"sectionBeats": 4,
				"sectionNotes": [],
				"lengthInSteps": 16,
				"altAnim": false,
				"mustHitSection": false,
				"changeBPM": false,
				"bpm": 213
			},
			{
				"sectionBeats": 4,
				"sectionNotes": [],
				"lengthInSteps": 16,
				"altAnim": false,
				"mustHitSection": false,
				"changeBPM": false,
				"bpm": 213
			},
			{
				"sectionBeats": 4,
				"sectionNotes": [],
				"lengthInSteps": 16,
				"altAnim": false,
				"mustHitSection": false,
				"changeBPM": false,
				"bpm": 213
			}
		],
		"player2": "mario-cat",
		"player3": null,
		"song": "super-bell-hill",
		"stage": "BellHill",
		"validScore": true,
		"needsVoices": true,
		"speed": 2,
		"bpm": 213
	}
}