<?xml version="1.0" encoding="UTF-8"?>
<!--
Asset made for Super Funkin' Galaxy
-->
<TextureAtlas imagePath="Goombas.png" width="2461" height="2988">
	<SubTexture name="Goombas0000" x="3" y="2259" width="2455" height="726" frameX="-9" frameY="-94" frameWidth="2472" frameHeight="828"/>
	<SubTexture name="Goombas0001" x="3" y="2259" width="2455" height="726" frameX="-9" frameY="-94" frameWidth="2472" frameHeight="828"/>
	<SubTexture name="Goombas0002" x="3" y="1508" width="2424" height="748" frameX="-23" frameY="-54" frameWidth="2472" frameHeight="828"/>
	<SubTexture name="Goombas0003" x="3" y="1508" width="2424" height="748" frameX="-23" frameY="-54" frameWidth="2472" frameHeight="828"/>
	<SubTexture name="Goombas0004" x="3" y="756" width="2445" height="749" frameX="-9" frameY="-11" frameWidth="2472" frameHeight="828"/>
	<SubTexture name="Goombas0005" x="3" y="756" width="2445" height="749" frameX="-9" frameY="-11" frameWidth="2472" frameHeight="828"/>
	<SubTexture name="Goombas0006" x="3" y="3" width="2446" height="750" frameX="-3" frameY="-3" frameWidth="2472" frameHeight="828"/>
	<SubTexture name="Goombas0007" x="3" y="3" width="2446" height="750" frameX="-3" frameY="-3" frameWidth="2472" frameHeight="828"/>
	<SubTexture name="Goombas0008" x="3" y="3" width="2446" height="750" frameX="-3" frameY="-3" frameWidth="2472" frameHeight="828"/>
	<SubTexture name="Goombas0009" x="3" y="3" width="2446" height="750" frameX="-3" frameY="-3" frameWidth="2472" frameHeight="828"/>
	<SubTexture name="Goombas0010" x="3" y="3" width="2446" height="750" frameX="-3" frameY="-3" frameWidth="2472" frameHeight="828"/>
	<SubTexture name="Goombas0011" x="3" y="3" width="2446" height="750" frameX="-3" frameY="-3" frameWidth="2472" frameHeight="828"/>
	<SubTexture name="Goombas0012" x="3" y="3" width="2446" height="750" frameX="-3" frameY="-3" frameWidth="2472" frameHeight="828"/>
	<SubTexture name="Goombas0013" x="3" y="3" width="2446" height="750" frameX="-3" frameY="-3" frameWidth="2472" frameHeight="828"/>
</TextureAtlas>