﻿<?xml version="1.0" encoding="utf-8"?>
<TextureAtlas imagePath="bf-3dw.png">
	<!-- Created with Adobe Animate version 24.0.3.19 -->
	<!-- http://www.adobe.com/products/animate.html -->
	<SubTexture name="down0000" x="2" y="2" width="399" height="419" frameX="0" frameY="-27" frameWidth="399" frameHeight="446"/>
	<SubTexture name="down0001" x="2" y="2" width="399" height="419" frameX="0" frameY="-27" frameWidth="399" frameHeight="446"/>
	<SubTexture name="down0002" x="403" y="2" width="361" height="446" frameX="-19" frameY="0" frameWidth="399" frameHeight="446"/>
	<SubTexture name="down0003" x="403" y="2" width="361" height="446" frameX="-19" frameY="0" frameWidth="399" frameHeight="446"/>
	<SubTexture name="idle0000" x="766" y="2" width="401" height="448" frameX="-1" frameY="-20" frameWidth="402" frameHeight="468"/>
	<SubTexture name="idle0001" x="766" y="2" width="401" height="448" frameX="-1" frameY="-20" frameWidth="402" frameHeight="468"/>
	<SubTexture name="idle0002" x="1169" y="2" width="400" height="453" frameX="0" frameY="-15" frameWidth="402" frameHeight="468"/>
	<SubTexture name="idle0003" x="1169" y="2" width="400" height="453" frameX="0" frameY="-15" frameWidth="402" frameHeight="468"/>
	<SubTexture name="idle0004" x="1571" y="2" width="397" height="466" frameX="-2" frameY="-2" frameWidth="402" frameHeight="468"/>
	<SubTexture name="idle0005" x="1571" y="2" width="397" height="466" frameX="-2" frameY="-2" frameWidth="402" frameHeight="468"/>
	<SubTexture name="idle0006" x="2" y="470" width="399" height="468" frameX="-1" frameY="0" frameWidth="402" frameHeight="468"/>
	<SubTexture name="idle0007" x="2" y="470" width="399" height="468" frameX="-1" frameY="0" frameWidth="402" frameHeight="468"/>
	<SubTexture name="idle0008" x="2" y="470" width="399" height="468" frameX="-1" frameY="0" frameWidth="402" frameHeight="468"/>
	<SubTexture name="idle0009" x="2" y="470" width="399" height="468" frameX="-1" frameY="0" frameWidth="402" frameHeight="468"/>
	<SubTexture name="idle0010" x="2" y="470" width="399" height="468" frameX="-1" frameY="0" frameWidth="402" frameHeight="468"/>
	<SubTexture name="idle0011" x="2" y="470" width="399" height="468" frameX="-1" frameY="0" frameWidth="402" frameHeight="468"/>
	<SubTexture name="idle0012" x="2" y="470" width="399" height="468" frameX="-1" frameY="0" frameWidth="402" frameHeight="468"/>
	<SubTexture name="idle0013" x="2" y="470" width="399" height="468" frameX="-1" frameY="0" frameWidth="402" frameHeight="468"/>
	<SubTexture name="left0000" x="403" y="470" width="366" height="470" frameX="-5" frameY="0" frameWidth="371" frameHeight="470"/>
	<SubTexture name="left0001" x="403" y="470" width="366" height="470" frameX="-5" frameY="0" frameWidth="371" frameHeight="470"/>
	<SubTexture name="left0002" x="771" y="470" width="351" height="465" frameX="0" frameY="-5" frameWidth="371" frameHeight="470"/>
	<SubTexture name="left0003" x="771" y="470" width="351" height="465" frameX="0" frameY="-5" frameWidth="371" frameHeight="470"/>
	<SubTexture name="right0000" x="1124" y="470" width="381" height="478" frameX="0" frameY="-3" frameWidth="385" frameHeight="481"/>
	<SubTexture name="right0001" x="1124" y="470" width="381" height="478" frameX="0" frameY="-3" frameWidth="385" frameHeight="481"/>
	<SubTexture name="right0002" x="1507" y="470" width="367" height="481" frameX="-18" frameY="0" frameWidth="385" frameHeight="481"/>
	<SubTexture name="right0003" x="1507" y="470" width="367" height="481" frameX="-18" frameY="0" frameWidth="385" frameHeight="481"/>
	<SubTexture name="up0000" x="2" y="953" width="313" height="545" frameX="-5" frameY="0" frameWidth="327" frameHeight="546"/>
	<SubTexture name="up0001" x="2" y="953" width="313" height="545" frameX="-5" frameY="0" frameWidth="327" frameHeight="546"/>
	<SubTexture name="up0002" x="317" y="953" width="327" height="531" frameX="0" frameY="-15" frameWidth="327" frameHeight="546"/>
	<SubTexture name="up0003" x="317" y="953" width="327" height="531" frameX="0" frameY="-15" frameWidth="327" frameHeight="546"/>
</TextureAtlas>
