﻿<?xml version="1.0" encoding="utf-8"?>
<TextureAtlas imagePath="catmario.png">
	<!-- Created with Adobe Animate version 24.0.0.305 -->
	<!-- http://www.adobe.com/products/animate.html -->
	<SubTexture name="down0000" x="434" y="602" width="434" height="500" frameX="-7" frameY="-11" frameWidth="441" frameHeight="511"/>
	<SubTexture name="down0001" x="434" y="602" width="434" height="500" frameX="-7" frameY="-11" frameWidth="441" frameHeight="511"/>
	<SubTexture name="down0002" x="1612" y="590" width="440" height="511" frameX="0" frameY="0" frameWidth="441" frameHeight="511"/>
	<SubTexture name="down0003" x="1612" y="590" width="440" height="511" frameX="0" frameY="0" frameWidth="441" frameHeight="511"/>
	<SubTexture name="idle0000" x="2116" y="10" width="504" height="552" frameX="0" frameY="-8" frameWidth="504" frameHeight="560"/>
	<SubTexture name="idle0001" x="2116" y="10" width="504" height="552" frameX="0" frameY="-8" frameWidth="504" frameHeight="560"/>
	<SubTexture name="idle0002" x="2616" y="580" width="486" height="555" frameX="-17" frameY="-5" frameWidth="504" frameHeight="560"/>
	<SubTexture name="idle0003" x="2616" y="580" width="486" height="555" frameX="-17" frameY="-5" frameWidth="504" frameHeight="560"/>
	<SubTexture name="idle0004" x="3112" y="580" width="470" height="560" frameX="-30" frameY="0" frameWidth="504" frameHeight="560"/>
	<SubTexture name="idle0005" x="3112" y="580" width="470" height="560" frameX="-30" frameY="0" frameWidth="504" frameHeight="560"/>
	<SubTexture name="idle0006" x="2630" y="10" width="495" height="560" frameX="-4" frameY="0" frameWidth="504" frameHeight="560"/>
	<SubTexture name="idle0007" x="2630" y="10" width="495" height="560" frameX="-4" frameY="0" frameWidth="504" frameHeight="560"/>
	<SubTexture name="idle0008" x="2116" y="572" width="490" height="560" frameX="-9" frameY="0" frameWidth="504" frameHeight="560"/>
	<SubTexture name="idle0009" x="2116" y="572" width="490" height="560" frameX="-9" frameY="0" frameWidth="504" frameHeight="560"/>
	<SubTexture name="idle0010" x="3135" y="10" width="491" height="560" frameX="-8" frameY="0" frameWidth="504" frameHeight="560"/>
	<SubTexture name="idle0011" x="3135" y="10" width="491" height="560" frameX="-8" frameY="0" frameWidth="504" frameHeight="560"/>
	<SubTexture name="idle0012" x="3135" y="10" width="491" height="560" frameX="-8" frameY="0" frameWidth="504" frameHeight="560"/>
	<SubTexture name="idle0013" x="3135" y="10" width="491" height="560" frameX="-8" frameY="0" frameWidth="504" frameHeight="560"/>
	<SubTexture name="left0000" x="1098" y="10" width="504" height="595" frameX="-16" frameY="0" frameWidth="521" frameHeight="595"/>
	<SubTexture name="left0001" x="1098" y="10" width="504" height="595" frameX="-16" frameY="0" frameWidth="521" frameHeight="595"/>
	<SubTexture name="left0002" x="567" y="10" width="521" height="582" frameX="0" frameY="-13" frameWidth="521" frameHeight="595"/>
	<SubTexture name="left0003" x="567" y="10" width="521" height="582" frameX="0" frameY="-13" frameWidth="521" frameHeight="595"/>
	<SubTexture name="right0000" x="10" y="10" width="547" height="561" frameX="0" frameY="-9" frameWidth="547" frameHeight="570"/>
	<SubTexture name="right0001" x="10" y="10" width="547" height="561" frameX="0" frameY="-9" frameWidth="547" frameHeight="570"/>
	<SubTexture name="right0002" x="1612" y="10" width="494" height="570" frameX="-43" frameY="0" frameWidth="547" frameHeight="570"/>
	<SubTexture name="right0003" x="1612" y="10" width="494" height="570" frameX="-43" frameY="0" frameWidth="547" frameHeight="570"/>
	<SubTexture name="up0000" x="3636" y="10" width="386" height="640" frameX="-30" frameY="0" frameWidth="416" frameHeight="640"/>
	<SubTexture name="up0001" x="3636" y="10" width="386" height="640" frameX="-30" frameY="0" frameWidth="416" frameHeight="640"/>
	<SubTexture name="up0002" x="10" y="581" width="414" height="591" frameX="0" frameY="-49" frameWidth="416" frameHeight="640"/>
	<SubTexture name="up0003" x="10" y="581" width="414" height="591" frameX="0" frameY="-49" frameWidth="416" frameHeight="640"/>
</TextureAtlas>
