{
	"song": {
		"player1": "BFMNM",
		"events": [],
		"gfVersion": "GFMNM",
		"notes": [
			{
				"sectionBeats": 4,
				"sectionNotes": [],
				"lengthInSteps": 16,
				"altAnim": false,
				"mustHitSection": false,
				"changeBPM": false,
				"bpm": 170
			},
			{
				"sectionBeats": 4,
				"sectionNotes": [
					[
						1764.70588235293,
						0,
						264.705882352941
					]
				],
				"lengthInSteps": 16,
				"altAnim": false,
				"mustHitSection": false,
				"changeBPM": false,
				"bpm": 170
			},
			{
				"sectionBeats": 4,
				"sectionNotes": [
					[
						2823.52941176471,
						7,
						0
					],
					[
						3000.00000000001,
						6,
						0
					],
					[
						3352.9411764706,
						5,
						0
					],
					[
						3705.8823529412,
						2,
						264.705882352941
					],
					[
						4058.82352941179,
						0,
						0
					]
				],
				"lengthInSteps": 16,
				"altAnim": false,
				"mustHitSection": true,
				"changeBPM": false,
				"bpm": 170
			},
			{
				"sectionBeats": 4,
				"sectionNotes": [
					[
						4588.23529411765,
						3,
						264.705882352941
					],
					[
						4941.17647058823,
						0,
						0
					],
					[
						5117.64705882351,
						2,
						0
					],
					[
						5294.1176470588,
						1,
						0
					],
					[
						5470.58823529408,
						0,
						0
					],
					[
						5647.05882352937,
						3,
						0
					],
					[
						4235.29411764708,
						7,
						0
					]
				],
				"lengthInSteps": 16,
				"altAnim": false,
				"mustHitSection": false,
				"changeBPM": false,
				"bpm": 170
			},
			{
				"sectionBeats": 4,
				"sectionNotes": [
					[
						5823.52941176466,
						2,
						0
					],
					[
						6352.94117647052,
						0,
						0
					],
					[
						6705.88235294109,
						2,
						0
					],
					[
						6882.35294117638,
						3,
						0
					]
				],
				"lengthInSteps": 16,
				"altAnim": false,
				"mustHitSection": false,
				"changeBPM": false,
				"bpm": 170
			},
			{
				"sectionBeats": 4,
				"sectionNotes": [
					[
						7235.29411764695,
						0,
						0
					],
					[
						7411.76470588223,
						2,
						0
					],
					[
						7588.23529411752,
						1,
						0
					],
					[
						7941.1764705881,
						3,
						0
					],
					[
						8117.64705882338,
						1,
						0
					],
					[
						8294.11764705867,
						2,
						0
					],
					[
						8470.58823529395,
						0,
						0
					]
				],
				"lengthInSteps": 16,
				"altAnim": false,
				"mustHitSection": false,
				"changeBPM": false,
				"bpm": 170
			},
			{
				"sectionBeats": 4,
				"sectionNotes": [
					[
						9176.4705882351,
						1,
						264.705882352941
					],
					[
						9529.41176470567,
						3,
						0
					],
					[
						9882.35294117624,
						0,
						0
					]
				],
				"lengthInSteps": 16,
				"altAnim": false,
				"mustHitSection": true,
				"changeBPM": false,
				"bpm": 170
			},
			{
				"sectionBeats": 4,
				"sectionNotes": [
					[
						10235.2941176468,
						2,
						264.705882352941
					],
					[
						10588.2352941174,
						1,
						0
					],
					[
						10764.7058823527,
						3,
						0
					],
					[
						10941.176470588,
						0,
						0
					],
					[
						11117.6470588232,
						2,
						0
					],
					[
						11294.1176470585,
						3,
						0
					]
				],
				"lengthInSteps": 16,
				"altAnim": false,
				"mustHitSection": false,
				"changeBPM": false,
				"bpm": 170
			},
			{
				"sectionBeats": 4,
				"sectionNotes": [
					[
						11999.9999999997,
						0,
						0
					],
					[
						12176.470588235,
						3,
						0
					],
					[
						12529.4117647055,
						1,
						0
					],
					[
						12529.4117647059,
						0,
						0
					]
				],
				"lengthInSteps": 16,
				"altAnim": false,
				"mustHitSection": true,
				"changeBPM": false,
				"bpm": 170
			},
			{
				"sectionBeats": 4,
				"sectionNotes": [
					[
						12882.3529411761,
						2,
						0
					],
					[
						13058.8235294114,
						0,
						264.705882352939
					],
					[
						13411.764705882,
						2,
						0
					],
					[
						13411.764705882,
						3,
						0
					],
					[
						13588.2352941173,
						1,
						0
					],
					[
						13941.1764705878,
						3,
						0
					]
				],
				"lengthInSteps": 16,
				"altAnim": false,
				"mustHitSection": true,
				"changeBPM": false,
				"bpm": 170
			},
			{
				"sectionBeats": 4,
				"sectionNotes": [
					[
						14823.5294117643,
						0,
						0
					],
					[
						14823.5294117647,
						3,
						0
					],
					[
						14999.9999999996,
						2,
						0
					],
					[
						15352.9411764701,
						0,
						0
					]
				],
				"lengthInSteps": 16,
				"altAnim": false,
				"mustHitSection": true,
				"changeBPM": false,
				"bpm": 170
			},
			{
				"sectionBeats": 4,
				"sectionNotes": [
					[
						15705.8823529407,
						3,
						0
					],
					[
						15794.1176470583,
						1,
						0
					],
					[
						15882.352941176,
						2,
						264.705882352939
					],
					[
						16235.2941176466,
						0,
						0
					],
					[
						16235.2941176466,
						1,
						0
					],
					[
						16411.7647058818,
						2,
						0
					],
					[
						16588.2352941172,
						3,
						0
					],
					[
						16764.7058823525,
						0,
						0
					],
					[
						16941.1764705878,
						1,
						0
					],
					[
						16941.1764705878,
						3,
						0
					]
				],
				"lengthInSteps": 16,
				"altAnim": false,
				"mustHitSection": true,
				"changeBPM": false,
				"bpm": 170
			},
			{
				"sectionBeats": 4,
				"sectionNotes": [
					[
						17117.6470588232,
						2,
						0
					],
					[
						17647.0588235292,
						0,
						0
					],
					[
						17647.0588235292,
						1,
						0
					],
					[
						17999.9999999998,
						2,
						0
					],
					[
						18176.4705882351,
						3,
						0
					]
				],
				"lengthInSteps": 16,
				"altAnim": false,
				"mustHitSection": true,
				"changeBPM": false,
				"bpm": 170
			},
			{
				"sectionBeats": 4,
				"sectionNotes": [
					[
						18529.4117647058,
						1,
						0
					],
					[
						18705.8823529411,
						3,
						0
					],
					[
						18882.3529411765,
						0,
						0
					],
					[
						19235.2941176471,
						2,
						0
					],
					[
						19411.7647058825,
						3,
						0
					],
					[
						19588.2352941178,
						0,
						0
					]
				],
				"lengthInSteps": 16,
				"altAnim": false,
				"mustHitSection": true,
				"changeBPM": false,
				"bpm": 170
			},
			{
				"sectionBeats": 4,
				"sectionNotes": [
					[
						19764.7058823531,
						1,
						0
					],
					[
						19764.7058823531,
						2,
						0
					],
					[
						20470.5882352944,
						0,
						0
					],
					[
						20470.5882352944,
						3,
						0
					],
					[
						20647.0588235298,
						2,
						0
					],
					[
						21000.0000000004,
						0,
						0
					]
				],
				"lengthInSteps": 16,
				"altAnim": false,
				"mustHitSection": true,
				"changeBPM": false,
				"bpm": 170
			},
			{
				"sectionBeats": 4,
				"sectionNotes": [
					[
						21529.4117647064,
						3,
						264.705882352941
					],
					[
						21882.3529411771,
						0,
						0
					],
					[
						21882.3529411771,
						1,
						0
					],
					[
						22058.8235294124,
						2,
						0
					],
					[
						22235.2941176477,
						0,
						0
					],
					[
						22411.7647058831,
						3,
						0
					]
				],
				"lengthInSteps": 16,
				"altAnim": false,
				"mustHitSection": true,
				"changeBPM": false,
				"bpm": 170
			},
			{
				"sectionBeats": 4,
				"sectionNotes": [
					[
						22941.1764705891,
						1,
						0
					],
					[
						23117.6470588244,
						0,
						0
					],
					[
						23470.5882352951,
						2,
						0
					],
					[
						23647.0588235304,
						0,
						0
					]
				],
				"lengthInSteps": 16,
				"altAnim": false,
				"mustHitSection": true,
				"changeBPM": false,
				"bpm": 170
			},
			{
				"sectionBeats": 4,
				"sectionNotes": [
					[
						24000.000000001,
						0,
						88.2352941176323
					],
					[
						24176.4705882364,
						3,
						88.2352941176723
					],
					[
						24352.9411764717,
						1,
						0
					],
					[
						24529.411764707,
						0,
						0
					],
					[
						24705.8823529424,
						3,
						0
					],
					[
						24882.3529411777,
						2,
						0
					],
					[
						25058.823529413,
						2,
						0
					],
					[
						24000.000000001,
						7,
						0
					],
					[
						24176.4705882364,
						5,
						0
					],
					[
						24352.9411764717,
						6,
						0
					],
					[
						24705.8823529424,
						4,
						0
					],
					[
						24882.3529411777,
						7,
						0
					],
					[
						25235.2941176484,
						4,
						0
					]
				],
				"lengthInSteps": 16,
				"altAnim": false,
				"mustHitSection": false,
				"changeBPM": false,
				"bpm": 170
			},
			{
				"sectionBeats": 4,
				"sectionNotes": [
					[
						25411.7647058837,
						0,
						264.705882352962
					],
					[
						25411.7647058837,
						5,
						0
					],
					[
						25588.235294119,
						6,
						0
					],
					[
						25941.1764705897,
						4,
						0
					],
					[
						26117.647058825,
						7,
						0
					],
					[
						26294.1176470603,
						5,
						0
					],
					[
						26470.5882352957,
						4,
						0
					]
				],
				"lengthInSteps": 16,
				"altAnim": false,
				"mustHitSection": false,
				"changeBPM": false,
				"bpm": 170
			},
			{
				"sectionBeats": 4,
				"sectionNotes": [
					[
						26823.5294117663,
						3,
						0
					],
					[
						27176.470588237,
						1,
						0
					],
					[
						27352.9411764723,
						2,
						0
					],
					[
						27705.882352943,
						0,
						0
					],
					[
						27882.3529411783,
						3,
						0
					],
					[
						28058.8235294136,
						2,
						0
					],
					[
						28058.8235294136,
						6,
						0
					]
				],
				"lengthInSteps": 16,
				"altAnim": false,
				"mustHitSection": false,
				"changeBPM": false,
				"bpm": 170
			},
			{
				"sectionBeats": 4,
				"sectionNotes": [
					[
						28588.2352941196,
						5,
						0
					],
					[
						28411.7647058843,
						2,
						0
					],
					[
						28588.2352941196,
						0,
						0
					],
					[
						28764.705882355,
						3,
						0
					],
					[
						29117.6470588256,
						1,
						0
					],
					[
						29294.1176470609,
						1,
						0
					],
					[
						29470.5882352963,
						3,
						0
					]
				],
				"lengthInSteps": 16,
				"altAnim": false,
				"mustHitSection": true,
				"changeBPM": false,
				"bpm": 170
			},
			{
				"sectionBeats": 4,
				"sectionNotes": [
					[
						29647.0588235316,
						3,
						0
					],
					[
						30000.0000000023,
						3,
						0
					],
					[
						30176.4705882376,
						3,
						0
					],
					[
						30352.9411764729,
						0,
						0
					],
					[
						30529.4117647083,
						2,
						0
					],
					[
						30705.8823529436,
						1,
						0
					],
					[
						30882.3529411789,
						0,
						0
					],
					[
						29823.5294117669,
						4,
						0
					],
					[
						30352.9411764729,
						6,
						264.705882352937
					],
					[
						30705.8823529436,
						7,
						0
					],
					[
						30882.3529411789,
						4,
						0
					]
				],
				"lengthInSteps": 16,
				"altAnim": false,
				"mustHitSection": false,
				"changeBPM": false,
				"bpm": 170
			},
			{
				"sectionBeats": 4,
				"sectionNotes": [
					[
						31058.8235294142,
						7,
						88.2352941176323
					],
					[
						31235.2941176496,
						5,
						88.2352941176723
					],
					[
						31764.7058823556,
						6,
						0
					],
					[
						32117.6470588262,
						4,
						0
					],
					[
						31058.8235294142,
						1,
						0
					],
					[
						31235.2941176496,
						3,
						0
					],
					[
						31411.7647058849,
						0,
						0
					],
					[
						31588.2352941202,
						2,
						0
					],
					[
						31941.1764705909,
						1,
						0
					],
					[
						32117.6470588262,
						0,
						0
					]
				],
				"lengthInSteps": 16,
				"altAnim": false,
				"mustHitSection": true,
				"changeBPM": false,
				"bpm": 170
			},
			{
				"sectionBeats": 4,
				"sectionNotes": [
					[
						32470.5882352969,
						7,
						0
					],
					[
						32647.0588235322,
						7,
						0
					],
					[
						32823.5294117675,
						4,
						0
					],
					[
						33000.0000000028,
						5,
						0
					],
					[
						32470.5882352969,
						3,
						617.647058823535
					],
					[
						33176.470588238,
						0,
						264.705882352944
					],
					[
						33352.9411764732,
						1,
						88.2352941176505
					],
					[
						33529.4117647085,
						2,
						176.470588235294
					]
				],
				"lengthInSteps": 16,
				"altAnim": false,
				"mustHitSection": true,
				"changeBPM": false,
				"bpm": 170
			},
			{
				"sectionBeats": 4,
				"sectionNotes": [
					[
						34058.8235294142,
						6,
						0
					],
					[
						34235.2941176495,
						5,
						0
					],
					[
						34323.5294117671,
						6,
						0
					],
					[
						34411.7647058847,
						4,
						0
					],
					[
						34588.2352941199,
						7,
						0
					],
					[
						34764.7058823552,
						7,
						0
					],
					[
						34941.1764705904,
						5,
						0
					],
					[
						35117.6470588257,
						4,
						0
					],
					[
						35117.6470588257,
						5,
						0
					],
					[
						35117.6470588257,
						6,
						0
					],
					[
						35205.8823529433,
						7,
						0
					],
					[
						33882.352941179,
						0,
						0
					],
					[
						33882.352941179,
						1,
						0
					],
					[
						33882.352941179,
						3,
						0
					]
				],
				"lengthInSteps": 16,
				"altAnim": false,
				"mustHitSection": true,
				"changeBPM": false,
				"bpm": 170
			},
			{
				"sectionBeats": 4,
				"sectionNotes": [
					[
						35294.1176470609,
						2,
						0
					],
					[
						35470.5882352962,
						1,
						0
					],
					[
						35647.0588235314,
						0,
						0
					],
					[
						35647.0588235314,
						2,
						0
					],
					[
						35647.0588235314,
						3,
						0
					],
					[
						35823.5294117666,
						1,
						0
					],
					[
						36000.0000000019,
						0,
						0
					],
					[
						36176.4705882371,
						0,
						0
					],
					[
						36352.9411764724,
						3,
						0
					],
					[
						36529.4117647076,
						2,
						0
					],
					[
						35294.1176470609,
						4,
						0
					],
					[
						35647.0588235314,
						4,
						0
					]
				],
				"lengthInSteps": 16,
				"altAnim": false,
				"mustHitSection": false,
				"changeBPM": false,
				"bpm": 170
			},
			{
				"sectionBeats": 4,
				"sectionNotes": [
					[
						36882.3529411781,
						1,
						0
					],
					[
						37058.8235294133,
						2,
						0
					],
					[
						37147.058823531,
						0,
						0
					],
					[
						37235.2941176486,
						3,
						0
					],
					[
						37411.7647058838,
						1,
						0
					],
					[
						37588.2352941191,
						1,
						0
					],
					[
						37941.1764705896,
						0,
						0
					],
					[
						37941.1764705896,
						2,
						264.705882352944
					],
					[
						37941.1764705896,
						3,
						0
					]
				],
				"lengthInSteps": 16,
				"altAnim": false,
				"mustHitSection": true,
				"changeBPM": false,
				"bpm": 170
			},
			{
				"sectionBeats": 4,
				"sectionNotes": [
					[
						38294.1176470588,
						1,
						0
					],
					[
						38470.5882352941,
						0,
						0
					],
					[
						38470.5882352941,
						1,
						0
					],
					[
						38470.5882352941,
						2,
						0
					],
					[
						38647.0588235294,
						3,
						0
					],
					[
						38823.5294117647,
						0,
						0
					],
					[
						38823.5294117647,
						2,
						0
					],
					[
						39000,
						1,
						0
					],
					[
						39176.4705882353,
						2,
						0
					],
					[
						39176.4705882353,
						3,
						0
					],
					[
						39264.7058823529,
						0,
						0
					],
					[
						39352.9411764706,
						1,
						0
					]
				],
				"lengthInSteps": 16,
				"altAnim": false,
				"mustHitSection": true,
				"changeBPM": false,
				"bpm": 170
			},
			{
				"sectionBeats": 4,
				"sectionNotes": [
					[
						40058.8235294125,
						3,
						0
					],
					[
						40235.2941176477,
						0,
						0
					],
					[
						40235.2941176477,
						1,
						0
					],
					[
						40411.764705883,
						2,
						0
					],
					[
						40764.7058823534,
						0,
						0
					],
					[
						40764.7058823534,
						1,
						0
					],
					[
						40764.7058823534,
						3,
						0
					],
					[
						39529.4117647059,
						7,
						0
					],
					[
						39529.4117647067,
						4,
						1147.05882352941
					],
					[
						39529.4117647067,
						6,
						0
					]
				],
				"lengthInSteps": 16,
				"altAnim": false,
				"mustHitSection": false,
				"changeBPM": false,
				"bpm": 170
			},
			{
				"sectionBeats": 4,
				"sectionNotes": [
					[
						41117.6470588239,
						0,
						0
					],
					[
						41294.1176470592,
						1,
						0
					],
					[
						41294.1176470592,
						2,
						0
					],
					[
						41294.1176470592,
						3,
						0
					],
					[
						41470.5882352944,
						0,
						0
					],
					[
						41647.0588235297,
						2,
						0
					],
					[
						41647.0588235297,
						3,
						0
					],
					[
						41823.5294117649,
						1,
						0
					],
					[
						42000.0000000001,
						3,
						0
					],
					[
						42176.4705882354,
						0,
						0
					],
					[
						41117.6470588239,
						7,
						0
					],
					[
						41294.1176470592,
						4,
						0
					],
					[
						41294.1176470592,
						5,
						0
					],
					[
						41294.1176470592,
						6,
						0
					],
					[
						41470.5882352944,
						7,
						0
					],
					[
						41647.0588235297,
						4,
						0
					],
					[
						41647.0588235297,
						5,
						0
					],
					[
						41823.5294117649,
						6,
						0
					],
					[
						42000.0000000001,
						4,
						0
					],
					[
						42176.4705882354,
						7,
						0
					]
				],
				"lengthInSteps": 16,
				"altAnim": false,
				"mustHitSection": false,
				"changeBPM": false,
				"bpm": 170
			},
			{
				"sectionBeats": 4,
				"sectionNotes": [
					[
						42705.8823529412,
						2,
						0
					],
					[
						42882.3529411765,
						0,
						0
					],
					[
						43058.8235294118,
						2,
						0
					],
					[
						43058.8235294118,
						3,
						0
					],
					[
						43235.2941176471,
						1,
						0
					],
					[
						43411.7647058823,
						0,
						0
					],
					[
						43411.7647058823,
						1,
						0
					],
					[
						43411.7647058823,
						2,
						0
					],
					[
						43588.2352941176,
						3,
						0
					]
				],
				"lengthInSteps": 16,
				"altAnim": false,
				"mustHitSection": true,
				"changeBPM": false,
				"bpm": 170
			},
			{
				"sectionBeats": 4,
				"sectionNotes": [
					[
						45176.4705882345,
						4,
						0
					],
					[
						45176.4705882345,
						5,
						0
					],
					[
						45176.4705882345,
						7,
						0
					],
					[
						43941.1764705878,
						0,
						0
					],
					[
						44117.6470588231,
						1,
						0
					],
					[
						44117.6470588231,
						2,
						0
					],
					[
						44117.6470588231,
						3,
						0
					],
					[
						44294.1176470583,
						0,
						0
					],
					[
						44470.5882352941,
						3,
						0
					],
					[
						44647.0588235294,
						1,
						0
					],
					[
						44823.529411764,
						0,
						0
					],
					[
						44999.9999999993,
						2,
						0
					],
					[
						45176.4705882345,
						0,
						0
					],
					[
						45176.4705882345,
						1,
						0
					],
					[
						45176.4705882345,
						3,
						0
					]
				],
				"lengthInSteps": 16,
				"altAnim": false,
				"mustHitSection": true,
				"changeBPM": false,
				"bpm": 170
			},
			{
				"sectionBeats": 4,
				"sectionNotes": [
					[
						45529.411764705,
						0,
						0
					],
					[
						45529.411764705,
						3,
						0
					],
					[
						45882.3529411755,
						2,
						0
					],
					[
						46411.7647058812,
						0,
						0
					],
					[
						46411.7647058812,
						1,
						0
					],
					[
						46411.7647058812,
						3,
						0
					],
					[
						45529.411764705,
						5,
						794.11764705884
					],
					[
						45529.411764705,
						6,
						0
					]
				],
				"lengthInSteps": 16,
				"altAnim": false,
				"mustHitSection": false,
				"changeBPM": false,
				"bpm": 170
			},
			{
				"sectionBeats": 4,
				"sectionNotes": [
					[
						46764.7058823517,
						2,
						0
					],
					[
						46941.1764705882,
						0,
						0
					],
					[
						46941.1764705882,
						1,
						0
					],
					[
						46941.1764705882,
						3,
						0
					],
					[
						47117.6470588235,
						0,
						0
					],
					[
						47294.1176470588,
						2,
						0
					],
					[
						47470.5882352927,
						3,
						264.705882352937
					],
					[
						47823.5294117631,
						1,
						0
					],
					[
						47999.9999999984,
						4,
						0
					],
					[
						47999.9999999984,
						5,
						0
					],
					[
						47999.9999999984,
						7,
						0
					]
				],
				"lengthInSteps": 16,
				"altAnim": false,
				"mustHitSection": false,
				"changeBPM": false,
				"bpm": 170
			},
			{
				"sectionBeats": 4,
				"sectionNotes": [
					[
						48352.9411764689,
						0,
						0
					],
					[
						48352.9411764689,
						3,
						0
					],
					[
						48882.3529411746,
						2,
						0
					],
					[
						49058.8235294098,
						0,
						0
					],
					[
						49058.8235294098,
						1,
						0
					],
					[
						49058.8235294098,
						3,
						0
					],
					[
						49235.2941176451,
						1,
						0
					]
				],
				"lengthInSteps": 16,
				"altAnim": false,
				"mustHitSection": true,
				"changeBPM": false,
				"bpm": 170
			},
			{
				"sectionBeats": 4,
				"sectionNotes": [
					[
						50823.5294117623,
						0,
						0
					],
					[
						50823.5294117623,
						1,
						0
					],
					[
						50823.5294117623,
						2,
						0
					],
					[
						49588.2352941156,
						7,
						0
					],
					[
						49764.7058823508,
						4,
						0
					],
					[
						49941.1764705861,
						4,
						0
					],
					[
						50117.6470588213,
						6,
						0
					],
					[
						50294.1176470565,
						7,
						264.705882352937
					],
					[
						50647.058823527,
						5,
						0
					]
				],
				"lengthInSteps": 16,
				"altAnim": false,
				"mustHitSection": false,
				"changeBPM": false,
				"bpm": 170
			},
			{
				"sectionBeats": 4,
				"sectionNotes": [
					[
						51176.4705882328,
						0,
						0
					],
					[
						51705.8823529385,
						3,
						0
					],
					[
						51882.3529411737,
						0,
						0
					],
					[
						51970.5882352914,
						3,
						0
					],
					[
						52058.823529409,
						0,
						0
					],
					[
						52058.823529409,
						1,
						0
					],
					[
						52058.823529409,
						2,
						0
					]
				],
				"lengthInSteps": 16,
				"altAnim": false,
				"mustHitSection": false,
				"changeBPM": false,
				"bpm": 170
			},
			{
				"sectionBeats": 4,
				"sectionNotes": [
					[
						52411.7647058795,
						5,
						0
					],
					[
						52588.2352941147,
						4,
						0
					],
					[
						52588.2352941147,
						6,
						0
					],
					[
						52588.2352941147,
						7,
						0
					],
					[
						52764.70588235,
						5,
						0
					],
					[
						52941.1764705852,
						4,
						0
					],
					[
						52941.1764705852,
						7,
						0
					],
					[
						53117.6470588204,
						6,
						0
					],
					[
						53294.1176470557,
						4,
						0
					],
					[
						53470.5882352909,
						7,
						0
					],
					[
						53647.0588235262,
						0,
						0
					],
					[
						53647.0588235262,
						1,
						0
					],
					[
						53647.0588235262,
						2,
						0
					]
				],
				"lengthInSteps": 16,
				"altAnim": false,
				"mustHitSection": true,
				"changeBPM": false,
				"bpm": 170
			},
			{
				"sectionBeats": 4,
				"sectionNotes": [
					[
						53999.9999999966,
						0,
						0
					],
					[
						54529.4117647024,
						3,
						0
					],
					[
						54705.8823529376,
						0,
						0
					],
					[
						54705.8823529376,
						1,
						0
					],
					[
						54705.8823529376,
						2,
						0
					],
					[
						54794.1176470552,
						3,
						0
					],
					[
						54882.3529411729,
						1,
						0
					]
				],
				"lengthInSteps": 16,
				"altAnim": false,
				"mustHitSection": true,
				"changeBPM": false,
				"bpm": 170
			},
			{
				"sectionBeats": 4,
				"sectionNotes": [
					[
						56470.58823529,
						4,
						0
					],
					[
						56470.58823529,
						5,
						0
					],
					[
						55235.2941176433,
						2,
						0
					],
					[
						55411.7647058786,
						0,
						0
					],
					[
						55411.7647058786,
						1,
						0
					],
					[
						55411.7647058786,
						3,
						0
					],
					[
						55588.2352941138,
						3,
						0
					],
					[
						55764.7058823491,
						0,
						0
					],
					[
						55941.1764705843,
						1,
						0
					],
					[
						56117.6470588196,
						3,
						0
					],
					[
						56294.1176470548,
						0,
						0
					],
					[
						56470.58823529,
						1,
						0
					],
					[
						56470.58823529,
						2,
						0
					]
				],
				"lengthInSteps": 16,
				"altAnim": false,
				"mustHitSection": true,
				"changeBPM": false,
				"bpm": 170
			},
			{
				"sectionBeats": 4,
				"sectionNotes": [
					[
						56647.0588235253,
						6,
						0
					],
					[
						56823.5294117605,
						4,
						0
					],
					[
						56999.9999999958,
						7,
						0
					],
					[
						57176.470588231,
						7,
						0
					],
					[
						56647.0588235253,
						3,
						0
					],
					[
						56735.2941176429,
						1,
						0
					],
					[
						56823.5294117605,
						2,
						0
					],
					[
						56999.9999999958,
						0,
						0
					],
					[
						57176.470588231,
						0,
						0
					],
					[
						57529.4117647015,
						3,
						0
					],
					[
						57617.6470588191,
						0,
						0
					],
					[
						57705.8823529367,
						1,
						0
					],
					[
						57882.352941172,
						2,
						0
					]
				],
				"lengthInSteps": 16,
				"altAnim": false,
				"mustHitSection": true,
				"changeBPM": false,
				"bpm": 170
			},
			{
				"sectionBeats": 4,
				"sectionNotes": [
					[
						58764.7058823482,
						4,
						0
					],
					[
						58941.1764705834,
						5,
						0
					],
					[
						59117.6470588187,
						7,
						0
					],
					[
						59294.1176470539,
						4,
						0
					],
					[
						59294.1176470539,
						6,
						0
					],
					[
						58058.8235294072,
						2,
						0
					],
					[
						58235.2941176425,
						0,
						0
					],
					[
						58235.2941176425,
						1,
						0
					],
					[
						58411.7647058777,
						3,
						0
					],
					[
						58588.235294113,
						0,
						0
					],
					[
						59294.1176470539,
						1,
						0
					],
					[
						59294.1176470539,
						2,
						0
					]
				],
				"lengthInSteps": 16,
				"altAnim": false,
				"mustHitSection": true,
				"changeBPM": false,
				"bpm": 170
			},
			{
				"sectionBeats": 4,
				"sectionNotes": [
					[
						59470.5882352892,
						3,
						0
					],
					[
						59558.8235294068,
						1,
						0
					],
					[
						59647.0588235244,
						2,
						0
					],
					[
						59823.5294117597,
						0,
						0
					],
					[
						59999.9999999949,
						0,
						0
					],
					[
						60352.9411764654,
						2,
						0
					],
					[
						60441.176470583,
						1,
						0
					],
					[
						60529.4117647006,
						3,
						0
					],
					[
						60705.8823529359,
						0,
						0
					]
				],
				"lengthInSteps": 16,
				"altAnim": false,
				"mustHitSection": true,
				"changeBPM": false,
				"bpm": 170
			},
			{
				"sectionBeats": 4,
				"sectionNotes": [
					[
						60882.3529411711,
						1,
						0
					],
					[
						61058.8235294064,
						2,
						0
					],
					[
						61058.8235294064,
						3,
						0
					],
					[
						61235.2941176416,
						0,
						0
					],
					[
						61411.7647058768,
						3,
						0
					],
					[
						61588.2352941121,
						1,
						0
					],
					[
						61588.2352941121,
						2,
						0
					],
					[
						61764.7058823473,
						0,
						0
					],
					[
						61941.1764705826,
						3,
						1147.05882352941
					]
				],
				"lengthInSteps": 16,
				"altAnim": false,
				"mustHitSection": true,
				"changeBPM": false,
				"bpm": 170
			},
			{
				"sectionBeats": 4,
				"sectionNotes": [
					[
						62470.5882352883,
						0,
						0
					],
					[
						62647.0588235235,
						2,
						0
					],
					[
						62823.5294117588,
						0,
						0
					],
					[
						63176.4705882293,
						3,
						0
					],
					[
						63529.4117646998,
						1,
						0
					]
				],
				"lengthInSteps": 16,
				"altAnim": false,
				"mustHitSection": false,
				"changeBPM": false,
				"bpm": 170
			},
			{
				"sectionBeats": 4,
				"sectionNotes": [
					[
						63705.882352935,
						6,
						0
					],
					[
						63882.3529411702,
						6,
						0
					],
					[
						64058.8235294055,
						4,
						0
					],
					[
						64411.764705876,
						1,
						0
					],
					[
						64764.7058823529,
						3,
						0
					],
					[
						64941.1764705817,
						0,
						0
					],
					[
						64941.1764705882,
						2,
						0
					]
				],
				"lengthInSteps": 16,
				"altAnim": false,
				"mustHitSection": true,
				"changeBPM": false,
				"bpm": 170
			},
			{
				"sectionBeats": 4,
				"sectionNotes": [
					[
						65294.1176470522,
						1,
						0
					],
					[
						65470.5882352874,
						3,
						0
					],
					[
						65647.0588235228,
						0,
						0
					],
					[
						65999.9999999936,
						1,
						0
					],
					[
						65999.9999999936,
						2,
						0
					],
					[
						66352.9411764644,
						3,
						0
					]
				],
				"lengthInSteps": 16,
				"altAnim": false,
				"mustHitSection": true,
				"changeBPM": false,
				"bpm": 170
			},
			{
				"sectionBeats": 4,
				"sectionNotes": [
					[
						67764.7058823478,
						1,
						264.705882352937
					],
					[
						66529.4117646999,
						7,
						0
					],
					[
						66705.8823529353,
						4,
						0
					],
					[
						66882.3529411707,
						5,
						0
					],
					[
						67235.2941176415,
						6,
						0
					],
					[
						67411.764705877,
						4,
						0
					],
					[
						67588.2352941124,
						7,
						0
					],
					[
						67764.7058823478,
						5,
						264.705882352937
					]
				],
				"lengthInSteps": 16,
				"altAnim": false,
				"mustHitSection": false,
				"changeBPM": false,
				"bpm": 170
			},
			{
				"sectionBeats": 4,
				"sectionNotes": [
					[
						68294.117647054,
						0,
						0
					],
					[
						68647.0588235249,
						3,
						0
					],
					[
						68999.9999999957,
						2,
						441.176470588238
					],
					[
						68294.117647054,
						4,
						0
					],
					[
						68647.0588235249,
						7,
						0
					],
					[
						68999.9999999957,
						6,
						441.176470588238
					]
				],
				"lengthInSteps": 16,
				"altAnim": false,
				"mustHitSection": false,
				"changeBPM": false,
				"bpm": 170
			},
			{
				"sectionBeats": 4,
				"sectionNotes": [
					[
						69705.8823529374,
						0,
						0
					],
					[
						69882.3529411728,
						3,
						0
					],
					[
						70058.8235294082,
						1,
						0
					],
					[
						70235.2941176436,
						0,
						0
					],
					[
						70235.2941176436,
						2,
						0
					],
					[
						70411.764705879,
						3,
						0
					],
					[
						70588.2352941145,
						2,
						0
					],
					[
						69705.8823529374,
						4,
						0
					],
					[
						69882.3529411728,
						7,
						0
					],
					[
						70058.8235294082,
						5,
						0
					],
					[
						70235.2941176436,
						4,
						0
					],
					[
						70235.2941176436,
						6,
						0
					],
					[
						70411.764705879,
						7,
						0
					],
					[
						70588.2352941145,
						6,
						0
					]
				],
				"lengthInSteps": 16,
				"altAnim": false,
				"mustHitSection": false,
				"changeBPM": false,
				"bpm": 170
			},
			{
				"sectionBeats": 4,
				"sectionNotes": [
					[
						70941.1764705853,
						4,
						0
					],
					[
						70941.1764705853,
						5,
						0
					],
					[
						71117.6470588207,
						6,
						0
					],
					[
						71470.5882352916,
						5,
						0
					],
					[
						71647.058823527,
						4,
						0
					],
					[
						71647.058823527,
						7,
						0
					],
					[
						71999.9999999978,
						4,
						0
					],
					[
						70941.1764705853,
						0,
						0
					],
					[
						70941.1764705853,
						1,
						0
					],
					[
						71117.6470588207,
						2,
						0
					],
					[
						71470.5882352916,
						1,
						0
					],
					[
						71647.058823527,
						2,
						0
					],
					[
						71647.058823527,
						3,
						0
					],
					[
						71823.5294117624,
						0,
						0
					],
					[
						71999.9999999978,
						1,
						88.2352941176505
					]
				],
				"lengthInSteps": 16,
				"altAnim": false,
				"mustHitSection": true,
				"changeBPM": false,
				"bpm": 170
			},
			{
				"sectionBeats": 4,
				"sectionNotes": [
					[
						72176.4705882332,
						6,
						0
					],
					[
						72529.4117647041,
						5,
						0
					],
					[
						72705.8823529395,
						4,
						0
					],
					[
						73058.8235294103,
						6,
						0
					],
					[
						73235.2941176457,
						7,
						0
					],
					[
						73411.7647058811,
						4,
						0
					],
					[
						72176.4705882332,
						3,
						441.176470588238
					],
					[
						72705.8823529395,
						0,
						264.705882352937
					],
					[
						73058.8235294103,
						1,
						0
					],
					[
						73058.8235294103,
						2,
						0
					],
					[
						73235.2941176457,
						3,
						0
					],
					[
						73411.7647058811,
						0,
						0
					]
				],
				"lengthInSteps": 16,
				"altAnim": false,
				"mustHitSection": true,
				"changeBPM": false,
				"bpm": 170
			},
			{
				"sectionBeats": 4,
				"sectionNotes": [
					[
						73588.2352941166,
						5,
						0
					],
					[
						74117.6470588228,
						6,
						0
					],
					[
						74294.1176470582,
						5,
						0
					],
					[
						74470.5882352936,
						7,
						0
					],
					[
						74647.0588235291,
						4,
						0
					],
					[
						73588.2352941166,
						1,
						0
					],
					[
						73764.705882352,
						3,
						0
					],
					[
						73808.8235294108,
						2,
						0
					],
					[
						73941.1764705874,
						0,
						0
					],
					[
						74117.6470588228,
						2,
						0
					],
					[
						74294.1176470582,
						0,
						0
					],
					[
						74338.2352941171,
						1,
						0
					],
					[
						74470.5882352936,
						2,
						0
					],
					[
						74470.5882352936,
						3,
						0
					],
					[
						74647.0588235291,
						0,
						0
					],
					[
						74823.5294117645,
						3,
						0
					]
				],
				"lengthInSteps": 16,
				"altAnim": false,
				"mustHitSection": true,
				"changeBPM": false,
				"bpm": 170
			},
			{
				"sectionBeats": 4,
				"sectionNotes": [
					[
						74999.9999999999,
						6,
						0
					],
					[
						75529.4117647062,
						5,
						0
					],
					[
						75705.8823529416,
						4,
						0
					],
					[
						75882.352941177,
						6,
						0
					],
					[
						75882.352941177,
						7,
						0
					],
					[
						74867.6470588233,
						2,
						0
					],
					[
						74999.9999999999,
						1,
						0
					],
					[
						75176.4705882353,
						2,
						0
					],
					[
						75176.4705882353,
						3,
						0
					],
					[
						75352.9411764707,
						0,
						0
					],
					[
						75397.0588235296,
						3,
						0
					],
					[
						75705.8823529416,
						1,
						0
					],
					[
						75882.352941177,
						0,
						0
					],
					[
						75882.352941177,
						2,
						0
					],
					[
						76058.8235294124,
						3,
						0
					]
				],
				"lengthInSteps": 16,
				"altAnim": false,
				"mustHitSection": true,
				"changeBPM": false,
				"bpm": 170
			},
			{
				"sectionBeats": 4,
				"sectionNotes": [
					[
						76235.2941176478,
						1,
						0
					],
					[
						76411.7647058832,
						0,
						0
					],
					[
						76588.2352941187,
						2,
						0
					],
					[
						76588.2352941187,
						3,
						0
					],
					[
						76764.7058823541,
						1,
						0
					],
					[
						76941.1764705895,
						3,
						0
					],
					[
						77117.6470588249,
						0,
						0
					],
					[
						77294.1176470603,
						1,
						0
					],
					[
						77294.1176470603,
						2,
						0
					],
					[
						77470.5882352957,
						3,
						0
					],
					[
						76235.2941176478,
						5,
						0
					],
					[
						76411.7647058832,
						4,
						0
					],
					[
						76588.2352941187,
						6,
						0
					],
					[
						76588.2352941187,
						7,
						0
					],
					[
						76764.7058823541,
						5,
						0
					],
					[
						76941.1764705895,
						7,
						0
					],
					[
						77117.6470588249,
						4,
						0
					],
					[
						77294.1176470603,
						5,
						0
					],
					[
						77294.1176470603,
						6,
						0
					],
					[
						77470.5882352957,
						7,
						0
					]
				],
				"lengthInSteps": 16,
				"altAnim": false,
				"mustHitSection": false,
				"changeBPM": false,
				"bpm": 170
			},
			{
				"sectionBeats": 4,
				"sectionNotes": [
					[
						77823.5294117666,
						0,
						0
					],
					[
						78176.4705882374,
						1,
						0
					],
					[
						78529.4117647082,
						2,
						0
					],
					[
						78705.8823529437,
						1,
						0
					],
					[
						78705.8823529437,
						3,
						0
					],
					[
						78882.3529411791,
						0,
						0
					],
					[
						77823.5294117666,
						4,
						0
					],
					[
						78176.4705882374,
						5,
						0
					],
					[
						78529.4117647082,
						6,
						0
					],
					[
						78705.8823529437,
						4,
						0
					],
					[
						78705.8823529437,
						5,
						0
					],
					[
						78882.3529411791,
						7,
						0
					]
				],
				"lengthInSteps": 16,
				"altAnim": false,
				"mustHitSection": false,
				"changeBPM": false,
				"bpm": 170
			},
			{
				"sectionBeats": 4,
				"sectionNotes": [
					[
						79058.8235294145,
						5,
						0
					],
					[
						79058.8235294145,
						6,
						0
					],
					[
						79058.8235294145,
						7,
						0
					],
					[
						79235.2941176499,
						6,
						0
					],
					[
						79588.2352941208,
						5,
						264.705882352937
					],
					[
						79941.1764705916,
						7,
						88.2352941176505
					],
					[
						79058.8235294145,
						0,
						264.705882352937
					],
					[
						79058.8235294145,
						1,
						0
					],
					[
						79058.8235294145,
						2,
						0
					],
					[
						79588.2352941208,
						3,
						264.705882352937
					],
					[
						79941.1764705916,
						1,
						88.2352941176505
					],
					[
						80294.1176470624,
						2,
						0
					],
					[
						80382.3529411801,
						0,
						0
					]
				],
				"lengthInSteps": 16,
				"altAnim": false,
				"mustHitSection": true,
				"changeBPM": false,
				"bpm": 170
			},
			{
				"sectionBeats": 4,
				"sectionNotes": [
					[
						81000.0000000041,
						0,
						0
					],
					[
						81176.4705882395,
						3,
						0
					],
					[
						81264.7058823572,
						1,
						0
					],
					[
						81352.9411764749,
						2,
						0
					],
					[
						81529.4117647103,
						0,
						0
					],
					[
						81705.8823529458,
						1,
						0
					],
					[
						80470.5882352978,
						6,
						264.705882352937
					],
					[
						80823.5294117687,
						5,
						264.705882352937
					],
					[
						81352.9411764749,
						7,
						0
					],
					[
						81705.8823529458,
						4,
						0
					]
				],
				"lengthInSteps": 16,
				"altAnim": false,
				"mustHitSection": false,
				"changeBPM": false,
				"bpm": 170
			},
			{
				"sectionBeats": 4,
				"sectionNotes": [
					[
						81882.3529411812,
						7,
						0
					],
					[
						82235.294117652,
						4,
						0
					],
					[
						82411.7647058874,
						7,
						0
					],
					[
						82764.7058823583,
						5,
						0
					],
					[
						83117.6470588291,
						4,
						264.705882352937
					],
					[
						81882.3529411812,
						2,
						176.470588235301
					],
					[
						82235.294117652,
						1,
						0
					],
					[
						82411.7647058874,
						3,
						0
					],
					[
						82764.7058823583,
						0,
						88.2352941176505
					],
					[
						83117.6470588291,
						2,
						0
					],
					[
						83205.8823529468,
						3,
						0
					]
				],
				"lengthInSteps": 16,
				"altAnim": false,
				"mustHitSection": true,
				"changeBPM": false,
				"bpm": 170
			},
			{
				"sectionBeats": 4,
				"sectionNotes": [
					[
						83470.5882352999,
						4,
						88.2352941176505
					],
					[
						83823.5294117708,
						7,
						0
					],
					[
						84000.0000000062,
						4,
						264.705882352937
					],
					[
						84352.941176477,
						6,
						88.2352941176505
					],
					[
						83294.1176470645,
						2,
						264.705882352937
					],
					[
						83647.0588235353,
						1,
						264.705882352937
					],
					[
						84000.0000000062,
						3,
						0
					],
					[
						84176.4705882416,
						0,
						0
					],
					[
						84352.941176477,
						2,
						0
					],
					[
						84529.4117647124,
						3,
						0
					]
				],
				"lengthInSteps": 16,
				"altAnim": false,
				"mustHitSection": true,
				"changeBPM": false,
				"bpm": 170
			},
			{
				"sectionBeats": 4,
				"sectionNotes": [
					[
						84705.8823529479,
						1,
						0
					],
					[
						85058.8235294187,
						3,
						0
					],
					[
						85235.2941176541,
						0,
						0
					],
					[
						85588.2352941249,
						2,
						0
					],
					[
						85941.1764705958,
						3,
						264.705882352937
					],
					[
						84705.8823529479,
						4,
						0
					],
					[
						85235.2941176541,
						4,
						0
					],
					[
						85764.7058823604,
						7,
						0
					],
					[
						85941.1764705958,
						5,
						0
					]
				],
				"lengthInSteps": 16,
				"altAnim": false,
				"mustHitSection": false,
				"changeBPM": false,
				"bpm": 170
			},
			{
				"sectionBeats": 4,
				"sectionNotes": [
					[
						86294.1176470666,
						0,
						88.2352941176505
					],
					[
						86647.0588235374,
						1,
						0
					],
					[
						86823.5294117729,
						0,
						264.705882352937
					],
					[
						87176.4705882437,
						2,
						0
					],
					[
						86117.6470588312,
						7,
						0
					],
					[
						86470.588235302,
						6,
						0
					],
					[
						86823.5294117729,
						4,
						0
					],
					[
						87176.4705882437,
						7,
						0
					]
				],
				"lengthInSteps": 16,
				"altAnim": false,
				"mustHitSection": false,
				"changeBPM": false,
				"bpm": 170
			},
			{
				"sectionBeats": 4,
				"sectionNotes": [
					[
						87529.4117647145,
						7,
						0
					],
					[
						87882.3529411854,
						5,
						0
					],
					[
						88058.8235294208,
						6,
						0
					],
					[
						88411.7647058916,
						4,
						0
					],
					[
						88764.7058823625,
						5,
						0
					],
					[
						87529.4117647145,
						1,
						0
					],
					[
						88058.8235294208,
						1,
						0
					],
					[
						88588.235294127,
						2,
						0
					],
					[
						88764.7058823625,
						3,
						0
					]
				],
				"lengthInSteps": 16,
				"altAnim": false,
				"mustHitSection": true,
				"changeBPM": false,
				"bpm": 170
			},
			{
				"sectionBeats": 4,
				"sectionNotes": [
					[
						89117.6470588333,
						5,
						0
					],
					[
						89470.5882353041,
						7,
						0
					],
					[
						89647.0588235395,
						4,
						0
					],
					[
						90000.0000000104,
						7,
						0
					],
					[
						88941.1764705979,
						0,
						0
					],
					[
						88985.2941176567,
						1,
						0
					],
					[
						89117.6470588333,
						2,
						0
					],
					[
						89294.1176470687,
						0,
						0
					],
					[
						89647.0588235395,
						3,
						0
					],
					[
						90000.0000000104,
						1,
						0
					]
				],
				"lengthInSteps": 16,
				"altAnim": false,
				"mustHitSection": true,
				"changeBPM": false,
				"bpm": 170
			},
			{
				"sectionBeats": 4,
				"sectionNotes": [
					[
						90352.9411764812,
						2,
						0
					],
					[
						90705.882352952,
						0,
						0
					],
					[
						90882.3529411875,
						1,
						0
					],
					[
						91058.8235294229,
						0,
						0
					],
					[
						91411.7647058937,
						3,
						0
					],
					[
						90352.9411764812,
						4,
						0
					]
				],
				"lengthInSteps": 16,
				"altAnim": false,
				"mustHitSection": false,
				"changeBPM": false,
				"bpm": 170
			},
			{
				"sectionBeats": 4,
				"sectionNotes": [
					[
						91941.1764706,
						1,
						0
					],
					[
						92117.6470588354,
						1,
						0
					],
					[
						92294.1176470708,
						2,
						0
					],
					[
						92470.5882353062,
						0,
						0
					],
					[
						92823.5294117771,
						2,
						0
					],
					[
						93000.0000000125,
						3,
						0
					]
				],
				"lengthInSteps": 16,
				"altAnim": false,
				"mustHitSection": false,
				"changeBPM": false,
				"bpm": 170
			},
			{
				"sectionBeats": 4,
				"sectionNotes": [
					[
						93529.4117647187,
						0,
						0
					],
					[
						93705.8823529541,
						1,
						0
					],
					[
						93882.3529411895,
						0,
						0
					],
					[
						94235.2941176604,
						3,
						0
					],
					[
						94411.7647058958,
						2,
						0
					]
				],
				"lengthInSteps": 16,
				"altAnim": false,
				"mustHitSection": true,
				"changeBPM": false,
				"bpm": 170
			},
			{
				"sectionBeats": 4,
				"sectionNotes": [
					[
						94764.7058823666,
						1,
						0
					],
					[
						94941.1764706021,
						3,
						0
					],
					[
						95117.6470588375,
						0,
						0
					],
					[
						95294.1176470729,
						2,
						0
					],
					[
						95470.5882353083,
						3,
						0
					],
					[
						95647.0588235437,
						0,
						0
					],
					[
						95823.5294117791,
						1,
						0
					]
				],
				"lengthInSteps": 16,
				"altAnim": false,
				"mustHitSection": true,
				"changeBPM": false,
				"bpm": 170
			},
			{
				"sectionBeats": 4,
				"sectionNotes": [
					[
						96705.8823529562,
						0,
						0
					],
					[
						96882.3529411917,
						3,
						0
					],
					[
						97235.2941176471,
						0,
						0
					],
					[
						97235.2941176625,
						1,
						0
					],
					[
						96000.0000000146,
						6,
						0
					],
					[
						96000.0000000146,
						7,
						0
					]
				],
				"lengthInSteps": 16,
				"altAnim": false,
				"mustHitSection": false,
				"changeBPM": false,
				"bpm": 170
			},
			{
				"sectionBeats": 4,
				"sectionNotes": [
					[
						97588.2352941333,
						2,
						0
					],
					[
						97764.7058823688,
						0,
						264.705882352981
					],
					[
						98117.6470588396,
						2,
						0
					],
					[
						98117.6470588396,
						3,
						0
					],
					[
						98294.117647075,
						1,
						0
					],
					[
						98647.0588235458,
						3,
						0
					],
					[
						98117.6470588235,
						6,
						0
					],
					[
						98117.6470588396,
						4,
						0
					],
					[
						98294.1176470588,
						5,
						0
					],
					[
						98470.5882352941,
						5,
						0
					],
					[
						98647.0588235294,
						7,
						0
					]
				],
				"lengthInSteps": 16,
				"altAnim": false,
				"mustHitSection": false,
				"changeBPM": false,
				"bpm": 170
			},
			{
				"sectionBeats": 4,
				"sectionNotes": [
					[
						99529.4117647059,
						3,
						0
					],
					[
						99529.4117647229,
						0,
						0
					],
					[
						99705.8823529583,
						2,
						0
					],
					[
						100058.823529429,
						0,
						0
					]
				],
				"lengthInSteps": 16,
				"altAnim": false,
				"mustHitSection": false,
				"changeBPM": false,
				"bpm": 170
			},
			{
				"sectionBeats": 4,
				"sectionNotes": [
					[
						100588.235294135,
						3,
						264.705882352951
					],
					[
						100941.176470606,
						0,
						0
					],
					[
						100941.176470606,
						1,
						0
					],
					[
						101117.647058842,
						2,
						0
					],
					[
						101294.117647077,
						3,
						0
					],
					[
						101470.588235313,
						0,
						0
					],
					[
						100588.235294135,
						4,
						0
					],
					[
						100588.235294135,
						6,
						0
					],
					[
						100941.176470606,
						5,
						0
					],
					[
						100941.176470606,
						7,
						0
					],
					[
						101117.647058842,
						6,
						0
					],
					[
						101294.117647077,
						4,
						0
					],
					[
						101470.588235313,
						7,
						264.705882352922
					]
				],
				"lengthInSteps": 16,
				"altAnim": false,
				"mustHitSection": false,
				"changeBPM": false,
				"bpm": 170
			},
			{
				"sectionBeats": 4,
				"sectionNotes": [
					[
						101647.058823548,
						1,
						0
					],
					[
						101647.058823548,
						3,
						0
					],
					[
						101823.529411783,
						2,
						0
					],
					[
						102352.94117649,
						0,
						0
					],
					[
						102352.94117649,
						1,
						0
					],
					[
						102705.88235296,
						2,
						0
					],
					[
						102882.352941196,
						3,
						0
					],
					[
						101823.529411783,
						4,
						0
					],
					[
						102000.000000019,
						5,
						0
					],
					[
						102176.470588254,
						6,
						0
					]
				],
				"lengthInSteps": 16,
				"altAnim": false,
				"mustHitSection": false,
				"changeBPM": false,
				"bpm": 170
			},
			{
				"sectionBeats": 4,
				"sectionNotes": [
					[
						103235.294117667,
						1,
						0
					],
					[
						103411.764705902,
						3,
						0
					],
					[
						103588.235294138,
						0,
						0
					],
					[
						103941.176470608,
						2,
						0
					],
					[
						104117.647058844,
						3,
						0
					],
					[
						104294.117647079,
						0,
						0
					],
					[
						104294.117647079,
						4,
						264.705882352981
					]
				],
				"lengthInSteps": 16,
				"altAnim": false,
				"mustHitSection": false,
				"changeBPM": false,
				"bpm": 170
			},
			{
				"sectionBeats": 4,
				"sectionNotes": [
					[
						104470.588235315,
						1,
						0
					],
					[
						104470.588235315,
						2,
						0
					],
					[
						105176.470588256,
						0,
						0
					],
					[
						105176.470588256,
						3,
						0
					],
					[
						105352.941176492,
						2,
						0
					],
					[
						105705.882352963,
						0,
						0
					],
					[
						104647.05882355,
						7,
						0
					],
					[
						104823.529411785,
						5,
						0
					],
					[
						105000.000000021,
						6,
						0
					]
				],
				"lengthInSteps": 16,
				"altAnim": false,
				"mustHitSection": false,
				"changeBPM": false,
				"bpm": 170
			},
			{
				"sectionBeats": 4,
				"sectionNotes": [
					[
						106235.294117669,
						3,
						264.705882352951
					],
					[
						106588.23529414,
						0,
						0
					],
					[
						106588.23529414,
						1,
						0
					],
					[
						106764.705882375,
						2,
						0
					],
					[
						106941.17647061,
						0,
						0
					],
					[
						107117.647058846,
						3,
						0
					],
					[
						106058.823529433,
						4,
						0
					],
					[
						106235.294117669,
						7,
						0
					],
					[
						106588.23529414,
						7,
						0
					],
					[
						106941.17647061,
						7,
						0
					]
				],
				"lengthInSteps": 16,
				"altAnim": false,
				"mustHitSection": false,
				"changeBPM": false,
				"bpm": 170
			},
			{
				"sectionBeats": 4,
				"sectionNotes": [
					[
						107294.117647081,
						4,
						0
					],
					[
						107294.117647081,
						6,
						0
					],
					[
						108000.000000023,
						0,
						0
					],
					[
						108176.470588258,
						3,
						0
					],
					[
						108529.411764706,
						1,
						0
					],
					[
						108529.411764706,
						2,
						0
					]
				],
				"lengthInSteps": 16,
				"altAnim": false,
				"mustHitSection": true,
				"changeBPM": false,
				"bpm": 170
			},
			{
				"sectionBeats": 4,
				"sectionNotes": [
					[
						109058.823529435,
						0,
						264.705882352951
					],
					[
						109411.764705906,
						2,
						0
					],
					[
						109411.764705906,
						3,
						0
					],
					[
						109588.235294142,
						1,
						0
					],
					[
						109941.176470613,
						3,
						0
					]
				],
				"lengthInSteps": 16,
				"altAnim": false,
				"mustHitSection": true,
				"changeBPM": false,
				"bpm": 170
			},
			{
				"sectionBeats": 4,
				"sectionNotes": [
					[
						110823.52941179,
						0,
						0
					],
					[
						110823.52941179,
						1,
						0
					],
					[
						111000.000000025,
						2,
						0
					],
					[
						111352.941176496,
						0,
						0
					]
				],
				"lengthInSteps": 16,
				"altAnim": false,
				"mustHitSection": true,
				"changeBPM": false,
				"bpm": 170
			},
			{
				"sectionBeats": 4,
				"sectionNotes": [
					[
						111705.882352967,
						3,
						0
					],
					[
						111882.352941202,
						2,
						264.705882352922
					],
					[
						112235.294117673,
						0,
						0
					],
					[
						112235.294117673,
						1,
						0
					],
					[
						112411.764705908,
						2,
						0
					],
					[
						112588.235294144,
						3,
						0
					],
					[
						112764.705882379,
						0,
						0
					]
				],
				"lengthInSteps": 16,
				"altAnim": false,
				"mustHitSection": true,
				"changeBPM": false,
				"bpm": 170
			},
			{
				"sectionBeats": 4,
				"sectionNotes": [
					[
						112941.176470615,
						1,
						0
					],
					[
						112941.176470615,
						3,
						0
					],
					[
						113117.64705885,
						2,
						0
					],
					[
						113470.588235321,
						3,
						0
					],
					[
						113647.058823556,
						0,
						0
					],
					[
						113647.058823556,
						1,
						0
					],
					[
						114000.000000027,
						2,
						0
					],
					[
						114176.470588263,
						3,
						0
					]
				],
				"lengthInSteps": 16,
				"altAnim": false,
				"mustHitSection": true,
				"changeBPM": false,
				"bpm": 170
			},
			{
				"sectionBeats": 4,
				"sectionNotes": [
					[
						114529.411764733,
						1,
						0
					],
					[
						114705.882352969,
						3,
						0
					],
					[
						114882.352941204,
						0,
						0
					],
					[
						115235.294117675,
						2,
						0
					],
					[
						115411.76470591,
						3,
						0
					],
					[
						115588.235294146,
						0,
						0
					]
				],
				"lengthInSteps": 16,
				"altAnim": false,
				"mustHitSection": true,
				"changeBPM": false,
				"bpm": 170
			},
			{
				"sectionBeats": 4,
				"sectionNotes": [
					[
						115764.705882381,
						1,
						0
					],
					[
						115764.705882381,
						2,
						0
					],
					[
						116470.588235323,
						0,
						0
					],
					[
						116470.588235323,
						3,
						0
					],
					[
						116647.058823558,
						2,
						0
					],
					[
						117000.000000029,
						0,
						0
					]
				],
				"lengthInSteps": 16,
				"altAnim": false,
				"mustHitSection": true,
				"changeBPM": false,
				"bpm": 170
			},
			{
				"sectionBeats": 4,
				"sectionNotes": [
					[
						117529.411764735,
						3,
						264.705882352922
					],
					[
						117882.352941206,
						0,
						0
					],
					[
						117882.352941206,
						1,
						0
					],
					[
						118058.823529442,
						2,
						0
					],
					[
						118235.294117677,
						0,
						0
					],
					[
						118411.764705913,
						3,
						0
					]
				],
				"lengthInSteps": 16,
				"altAnim": false,
				"mustHitSection": true,
				"changeBPM": false,
				"bpm": 170
			},
			{
				"sectionBeats": 4,
				"sectionNotes": [
					[
						118941.176470619,
						0,
						0
					],
					[
						119117.647058854,
						1,
						0
					],
					[
						119294.11764709,
						0,
						0
					],
					[
						119647.05882356,
						3,
						0
					],
					[
						118588.235294148,
						5,
						0
					]
				],
				"lengthInSteps": 16,
				"altAnim": false,
				"mustHitSection": false,
				"changeBPM": false,
				"bpm": 170
			},
			{
				"sectionBeats": 4,
				"sectionNotes": [
					[
						120176.470588267,
						1,
						0
					],
					[
						120352.941176502,
						1,
						0
					],
					[
						120529.411764738,
						2,
						0
					],
					[
						120705.882352973,
						0,
						0
					],
					[
						121058.823529444,
						2,
						0
					],
					[
						121235.294117679,
						3,
						0
					]
				],
				"lengthInSteps": 16,
				"altAnim": false,
				"mustHitSection": false,
				"changeBPM": false,
				"bpm": 170
			},
			{
				"sectionBeats": 4,
				"sectionNotes": [
					[
						121764.705882386,
						0,
						0
					],
					[
						121941.176470621,
						1,
						0
					],
					[
						122117.647058856,
						0,
						0
					],
					[
						122470.588235327,
						3,
						0
					],
					[
						122647.058823563,
						2,
						0
					]
				],
				"lengthInSteps": 16,
				"altAnim": false,
				"mustHitSection": true,
				"changeBPM": false,
				"bpm": 170
			},
			{
				"sectionBeats": 4,
				"sectionNotes": [
					[
						123000.000000033,
						4,
						0
					],
					[
						123176.470588269,
						7,
						0
					],
					[
						123352.941176504,
						5,
						0
					],
					[
						123529.41176474,
						6,
						0
					],
					[
						123705.882352975,
						4,
						0
					],
					[
						123882.352941211,
						5,
						0
					],
					[
						124058.823529446,
						7,
						0
					]
				],
				"lengthInSteps": 16,
				"altAnim": false,
				"mustHitSection": false,
				"changeBPM": false,
				"bpm": 170
			},
			{
				"sectionBeats": 4,
				"sectionNotes": [
					[
						124588.235294152,
						1,
						0
					],
					[
						124764.705882388,
						0,
						0
					],
					[
						124941.176470623,
						3,
						0
					],
					[
						125294.117647094,
						2,
						0
					],
					[
						124235.294117681,
						4,
						0
					]
				],
				"lengthInSteps": 16,
				"altAnim": false,
				"mustHitSection": false,
				"changeBPM": false,
				"bpm": 170
			},
			{
				"sectionBeats": 4,
				"sectionNotes": [
					[
						125823.5294118,
						0,
						0
					],
					[
						126000.000000036,
						0,
						0
					],
					[
						126176.470588271,
						3,
						0
					],
					[
						126352.941176506,
						1,
						0
					],
					[
						126705.882352977,
						0,
						0
					],
					[
						126882.352941213,
						2,
						0
					]
				],
				"lengthInSteps": 16,
				"altAnim": false,
				"mustHitSection": false,
				"changeBPM": false,
				"bpm": 170
			},
			{
				"sectionBeats": 4,
				"sectionNotes": [
					[
						127411.764705919,
						1,
						0
					],
					[
						127588.235294154,
						0,
						0
					],
					[
						127764.70588239,
						3,
						0
					],
					[
						128117.647058861,
						1,
						0
					],
					[
						128294.117647096,
						2,
						0
					]
				],
				"lengthInSteps": 16,
				"altAnim": false,
				"mustHitSection": true,
				"changeBPM": false,
				"bpm": 170
			},
			{
				"sectionBeats": 4,
				"sectionNotes": [
					[
						128647.058823567,
						0,
						0
					],
					[
						128823.529411802,
						3,
						0
					],
					[
						129000.000000038,
						1,
						0
					],
					[
						129176.470588273,
						0,
						0
					],
					[
						129352.941176508,
						3,
						0
					],
					[
						129529.411764744,
						2,
						0
					],
					[
						129705.882352979,
						0,
						0
					]
				],
				"lengthInSteps": 16,
				"altAnim": false,
				"mustHitSection": true,
				"changeBPM": false,
				"bpm": 170
			},
			{
				"sectionBeats": 4,
				"sectionNotes": [
					[
						129882.352941215,
						1,
						264.705882352951
					]
				],
				"lengthInSteps": 16,
				"altAnim": false,
				"mustHitSection": true,
				"changeBPM": false,
				"bpm": 170
			},
			{
				"sectionBeats": 4,
				"sectionNotes": [],
				"lengthInSteps": 16,
				"altAnim": false,
				"mustHitSection": true,
				"changeBPM": false,
				"bpm": 170
			}
		],
		"player2": "CGMNM",
		"player3": null,
		"song": "machina-erect-remix",
		"stage": "CG_Alley_2",
		"validScore": true,
		"needsVoices": true,
		"speed": 3.2,
		"bpm": 170
	}
}