{
	"animations": [
		{
			"loop": false,
			"offsets": [
				0,
				0
			],
			"anim": "idle",
			"fps": 24,
			"name": "CG_Idle",
			"indices": []
		},
		{
			"loop": false,
			"offsets": [
				-5,
				31
			],
			"anim": "singUP",
			"fps": 24,
			"name": "CG_Up",
			"indices": []
		},
		{
			"loop": false,
			"offsets": [
				-1,
				-1
			],
			"anim": "singLEFT",
			"fps": 24,
			"name": "CG_Left",
			"indices": []
		},
		{
			"loop": false,
			"offsets": [
				1,
				0
			],
			"anim": "singRIGHT",
			"fps": 24,
			"name": "CG_Right",
			"indices": []
		},
		{
			"loop": false,
			"offsets": [
				0,
				0
			],
			"anim": "singDOWN",
			"fps": 24,
			"name": "CG_Down",
			"indices": []
		}
	],
	"vocals_file": "",
	"no_antialiasing": false,
	"image": "characters/CGMNM",
	"position": [
		-400,
		-300
	],
	"healthicon": "CG_MNM",
	"flip_x": false,
	"healthbar_colors": [
		74,
		67,
		175
	],
	"camera_position": [
		200,
		-70
	],
	"sing_duration": 6.1,
	"scale": 0.8,
	"_editor_isPlayer": false
}