{
  "animations": [
    {
      "offsets": [-3, -2],
      "loop": false,
      "fps": 24,
      "anim": "danceLeft",
      "indices": [20,21,22,23,0,1,2,3,4,5,6,7,8],
      "name": "GF_MNM"
    },
    {
      "offsets": [0, 0],
      "loop": false,
      "fps": 24,
      "anim": "danceRight",
      "indices": [8,9,10,11,12,13,14,15,16,17,18,19],
      "name": "GF_MNM"
    }
  ],
  "no_antialiasing": false,
  "image": "characters/GFMNM",
  "position": [-300, -200],
  "healthicon": "gf",
  "flip_x": false,
  "healthbar_colors": [165, 0, 77],
  "camera_position": [0, 0],
  "sing_duration": 4,
  "scale": 0.7
}
