﻿<?xml version="1.0" encoding="utf-8"?>
<TextureAtlas imagePath="catmario.png">
	<!-- Created with Adobe Animate version 24.0.3.19 -->
	<!-- http://www.adobe.com/products/animate.html -->
	<SubTexture name="idle0000" x="2" y="2" width="504" height="552" frameX="0" frameY="-8" frameWidth="504" frameHeight="560"/>
	<SubTexture name="idle0001" x="2" y="2" width="504" height="552" frameX="0" frameY="-8" frameWidth="504" frameHeight="560"/>
	<SubTexture name="idle0002" x="508" y="2" width="486" height="555" frameX="-17" frameY="-5" frameWidth="504" frameHeight="560"/>
	<SubTexture name="idle0003" x="508" y="2" width="486" height="555" frameX="-17" frameY="-5" frameWidth="504" frameHeight="560"/>
	<SubTexture name="idle0004" x="996" y="2" width="470" height="560" frameX="-30" frameY="0" frameWidth="504" frameHeight="560"/>
	<SubTexture name="idle0005" x="996" y="2" width="470" height="560" frameX="-30" frameY="0" frameWidth="504" frameHeight="560"/>
	<SubTexture name="idle0006" x="1468" y="2" width="495" height="560" frameX="-4" frameY="0" frameWidth="504" frameHeight="560"/>
	<SubTexture name="idle0007" x="1468" y="2" width="495" height="560" frameX="-4" frameY="0" frameWidth="504" frameHeight="560"/>
	<SubTexture name="idle0008" x="2" y="564" width="490" height="560" frameX="-9" frameY="0" frameWidth="504" frameHeight="560"/>
	<SubTexture name="idle0009" x="2" y="564" width="490" height="560" frameX="-9" frameY="0" frameWidth="504" frameHeight="560"/>
	<SubTexture name="idle0010" x="494" y="564" width="491" height="560" frameX="-8" frameY="0" frameWidth="504" frameHeight="560"/>
	<SubTexture name="idle0011" x="494" y="564" width="491" height="560" frameX="-8" frameY="0" frameWidth="504" frameHeight="560"/>
	<SubTexture name="idle0012" x="494" y="564" width="491" height="560" frameX="-8" frameY="0" frameWidth="504" frameHeight="560"/>
	<SubTexture name="idle0013" x="494" y="564" width="491" height="560" frameX="-8" frameY="0" frameWidth="504" frameHeight="560"/>
</TextureAtlas>
